Id,ActivityDate,Day,TotalSteps,TotalDistance,VeryActiveDistance,ModeratelyActiveDistance,LightActiveDistance,VeryActiveMinutes,FairlyActiveMinutes,LightlyActiveMinutes,SedentaryMinutes,TotalSleepRecords,TotalMinutesAsleep,Calories
8053475328,2016-05-05,5,14990,11.5100002288818,8.85000038146973,0.449999988079071,2.21000003814697,93,9,130,1208,NA,NA,2950
8053475328,2016-04-28,5,15447,12.3999996185303,9.67000007629395,0.389999985694885,2.34999990463257,90,9,153,1188,NA,NA,3062
8053475328,2016-04-26,3,12685,9.61999988555908,6.30999994277954,0.200000002980232,3.09999990463257,68,5,185,1182,NA,NA,2846
8053475328,2016-05-06,6,13953,11,9.10000038146973,0.689999997615814,1.21000003814697,90,15,90,1245,NA,NA,2859
8053475328,2016-04-22,6,10520,8.28999996185303,6.26000022888184,0.150000005960464,1.87999999523163,60,3,117,1260,NA,NA,2655
8053475328,2016-05-03,3,15484,11.8999996185303,8.39000034332275,0.930000007152557,2.58999991416931,87,22,165,1166,NA,NA,3023
8053475328,2016-04-19,3,15929,12.4799995422363,9.22000026702881,0.310000002384186,2.95000004768372,90,7,191,1152,NA,NA,3114
8053475328,2016-04-13,4,16433,13.3500003814697,10.4300003051758,0.469999998807907,2.45000004768372,95,12,156,1177,NA,NA,3140
8053475328,2016-04-16,7,14549,11.1099996566772,9.35999965667725,0.270000010728836,1.49000000953674,96,6,83,1255,NA,NA,2867
8053475328,2016-05-07,7,19769,15.6700000762939,12.4399995803833,0.879999995231628,2.34999990463257,121,20,148,1076,1,74,3331
8053475328,2016-05-11,4,12209,9.39999961853027,6.07999992370605,0.280000001192093,3.03999996185303,60,7,184,1189,NA,NA,2809
8053475328,2016-04-14,5,20159,15.9700002670288,12.3400001525879,0.209999993443489,3.35999989509583,119,5,193,1123,NA,NA,3411
8053475328,2016-04-18,2,17076,12.6599998474121,9.07999992370605,0.230000004172325,3.34999990463257,102,6,195,1137,NA,NA,3133
8053475328,2016-04-25,2,20500,15.6899995803833,11.3699998855591,0.46000000834465,3.85999989509583,118,9,209,1104,NA,NA,3403
8053475328,2016-04-17,1,18827,13.6899995803833,9.23999977111816,0.800000011920929,3.64000010490417,111,21,195,1113,NA,NA,3213
8053475328,2016-04-23,7,22359,17.1900005340576,12.539999961853,0.629999995231628,4.01999998092651,125,14,223,741,1,331,3554
8053475328,2016-04-24,1,22988,17.9500007629395,13.1300001144409,1.54999995231628,3.25999999046326,129,33,182,1096,NA,NA,3577
8053475328,2016-04-20,4,15108,12.1899995803833,9.57999992370605,0.230000004172325,2.38000011444092,89,5,158,695,1,486,3043
8053475328,2016-04-15,6,20669,16.2399997711182,13.2600002288818,0.389999985694885,2.58999991416931,132,8,158,1142,NA,NA,3410
8053475328,2016-05-04,4,14581,11.1499996185303,8.81999969482422,0.400000005960464,1.9099999666214,89,8,123,1220,NA,NA,2918
8053475328,2016-05-08,1,22026,17.6499996185303,13.3999996185303,0.589999973773956,3.66000008583069,125,14,228,1073,NA,NA,3589
8053475328,2016-04-27,4,12422,9.81999969482422,6.46000003814697,0.430000007152557,2.9300000667572,60,10,183,1187,NA,NA,2852
8053475328,2016-04-21,5,16057,12.5100002288818,9.67000007629395,0.25,2.57999992370605,100,6,170,1164,NA,NA,3103
8053475328,2016-04-29,6,12315,9.64999961853027,6.17000007629395,0.310000002384186,3.17000007629395,58,8,159,1215,NA,NA,2794
8053475328,2016-04-12,3,18060,14.1199998855591,11.6400003433228,0.389999985694885,2.09999990463257,116,8,123,1193,NA,NA,3186
8053475328,2016-05-09,2,12465,9.38000011444092,6.11999988555908,0.569999992847443,2.69000005722046,66,12,148,1214,NA,NA,2765
8053475328,2016-05-12,5,4998,3.91000008583069,2.95000004768372,0.200000002980232,0.759999990463257,28,4,39,839,NA,NA,1505
8053475328,2016-04-30,7,7135,5.59000015258789,2.99000000953674,0.0599999986588955,2.53999996185303,27,1,131,1281,NA,NA,2408
8053475328,2016-05-10,3,14810,11.3599996566772,9.09000015258789,0.419999986886978,1.85000002384186,96,10,115,1219,NA,NA,2926
1644430081,2016-04-15,6,5263,3.82999992370605,0.219999998807907,0.150000005960464,3.45000004768372,3,4,170,1263,NA,NA,2750
1644430081,2016-04-18,2,7132,5.19000005722046,1.07000005245209,1.66999995708466,2.45000004768372,15,33,121,1271,NA,NA,2806
1644430081,2016-05-07,7,13372,9.72000026702881,3.25999999046326,0.790000021457672,5.67000007629395,41,17,243,1139,NA,NA,3404
1644430081,2016-05-10,3,9167,6.65999984741211,0.879999995231628,0.810000002384186,4.96999979019165,12,19,155,1254,NA,NA,2799
1644430081,2016-05-09,2,6643,4.82999992370605,2.39000010490417,0.349999994039536,2.08999991416931,32,6,303,1099,NA,NA,3008
1644430081,2016-05-05,5,4363,3.19000005722046,0.519999980926514,0.540000021457672,2.13000011444092,6,12,81,1341,NA,NA,2463
1644430081,2016-04-26,3,9919,7.21000003814697,0.800000011920929,1.72000002861023,4.69000005722046,11,41,223,1165,NA,NA,3123
1644430081,2016-04-16,7,15300,11.1199998855591,4.09999990463257,1.87999999523163,5.09000015258789,51,42,212,1135,NA,NA,3493
1644430081,2016-05-06,6,9787,7.11999988555908,0.819999992847443,0.270000010728836,6.01000022888184,11,6,369,1054,NA,NA,3328
1644430081,2016-04-13,4,8001,5.82000017166138,2.27999997138977,0.899999976158142,2.64000010490417,30,16,135,1259,NA,NA,2902
1644430081,2016-05-03,3,12850,9.34000015258789,0.720000028610229,4.09000015258789,4.53999996185303,10,94,221,1115,NA,NA,3324
1644430081,2016-05-01,1,6132,4.46000003814697,0.239999994635582,0.990000009536743,3.23000001907349,3,24,146,908,NA,NA,2696
1644430081,2016-04-17,1,8757,6.36999988555908,2.25,0.569999992847443,3.54999995231628,29,13,186,1212,NA,NA,3011
4558609924,2016-04-28,5,9451,6.25,0.0199999995529652,0.270000010728836,5.94999980926514,1,11,367,985,NA,NA,2185
4558609924,2016-04-26,3,9148,6.05000019073486,0.430000007152557,2.02999997138977,3.58999991416931,12,41,283,1062,1,103,2223
4558609924,2016-05-08,1,6543,4.32999992370605,1.79999995231628,0.5,2.01999998092651,66,35,238,1019,1,123,2666
4558609924,2016-04-18,2,8940,5.90999984741211,0.980000019073486,0.930000007152557,4,14,15,331,1080,NA,NA,2116
4558609924,2016-04-19,3,5401,3.5699999332428,0.0500000007450581,0.360000014305115,3.16000008583069,1,9,248,1182,NA,NA,1876
4558609924,2016-05-09,2,11451,7.57000017166138,0.430000007152557,1.62000000476837,5.51999998092651,6,30,339,1065,NA,NA,2223
4558609924,2016-04-17,1,9634,6.40000009536743,0.550000011920929,1.13999998569489,4.71000003814697,7,19,304,1110,NA,NA,2117
4558609924,2016-04-13,4,4978,3.28999996185303,1.24000000953674,0.439999997615814,1.61000001430511,19,7,127,1287,NA,NA,1722
4558609924,2016-05-03,3,5267,3.48000001907349,0.600000023841858,0.280000001192093,2.59999990463257,21,10,237,1172,NA,NA,1953
4558609924,2016-04-16,7,7289,4.82000017166138,0.550000011920929,0.75,3.5,8,12,308,1112,NA,NA,1997
4558609924,2016-05-10,3,6435,4.25,0.740000009536743,1.12000000476837,2.39000010490417,11,18,220,1191,NA,NA,1889
4558609924,2016-04-30,7,10319,6.82000017166138,0.469999998807907,1.88999998569489,4.46000003814697,7,29,293,1111,NA,NA,2105
4558609924,2016-05-07,7,8237,5.44000005722046,1.61000001430511,1,2.82999992370605,23,16,233,1116,NA,NA,1973
4558609924,2016-04-27,4,9557,6.32000017166138,1.96000003814697,0.889999985694885,3.46000003814697,27,14,312,1087,NA,NA,2098
4558609924,2016-04-21,5,13743,9.07999992370605,0.419999986886978,0.970000028610229,7.69999980926514,6,21,432,844,1,126,2486
4558609924,2016-04-29,6,7833,5.17999982833862,1.01999998092651,1.85000002384186,2.30999994277954,15,29,197,1096,1,171,1918
4558609924,2016-05-11,4,9108,6.01999998092651,0.259999990463257,1.82000005245209,3.94000005722046,4,31,324,1081,NA,NA,2131
4319703577,2016-05-03,3,9648,6.46999979019165,0.579999983310699,1.07000005245209,4.82999992370605,8,26,287,669,1,474,2235
4319703577,2016-05-07,7,7937,5.32999992370605,0.189999997615814,1.04999995231628,4.07999992370605,3,28,279,586,1,507,2158
4319703577,2016-04-14,5,10210,6.88000011444092,0.109999999403954,0.330000013113022,6.44000005722046,1,9,339,589,1,535,2302
4319703577,2016-04-26,3,9899,6.6399998664856,0.569999992847443,0.920000016689301,5.15000009536743,8,21,288,649,1,505,2236
4319703577,2016-04-29,6,7990,5.3600001335144,0.449999988079071,0.790000021457672,4.11999988555908,6,18,289,624,1,523,2175
4319703577,2016-04-27,4,10780,7.23000001907349,0.409999996423721,1.91999995708466,4.90999984741211,6,47,300,680,1,286,2324
4319703577,2016-05-06,6,9524,6.42000007629395,0.409999996423721,0.469999998807907,5.46000003814697,6,11,314,692,1,450,2266
4319703577,2016-05-05,5,13658,9.48999977111816,2.63000011444092,1.4099999666214,5.44999980926514,27,34,328,957,NA,NA,2530
4319703577,2016-04-30,7,8221,5.51999998092651,0.400000005960464,1.61000001430511,3.50999999046326,6,38,196,695,1,490,2092
2320127002,2016-05-03,3,7443,5.01999998092651,1.49000000953674,0.370000004768372,3.16000008583069,20,10,206,1204,NA,NA,1878
2320127002,2016-04-25,2,3588,2.42000007629395,0.230000004172325,0.200000002980232,1.99000000953674,3,5,152,1280,NA,NA,1654
2320127002,2016-04-12,3,10725,7.48999977111816,1.16999995708466,0.310000002384186,6.01000022888184,13,9,306,1112,NA,NA,2124
1503960366,2016-04-19,3,15506,9.88000011444092,3.52999997138977,1.32000005245209,5.03000020980835,50,31,264,775,1,304,2035
1503960366,2016-04-14,5,10460,6.73999977111816,2.44000005722046,0.400000005960464,3.91000008583069,30,11,181,1218,NA,NA,1776
1503960366,2016-05-03,3,15103,9.65999984741211,3.73000001907349,1.04999995231628,4.88000011444092,50,24,254,816,1,273,1990
1503960366,2016-05-10,3,12207,7.76999998092651,3.34999990463257,1.1599999666214,3.25999999046326,46,31,214,746,1,383,1859
1503960366,2016-05-08,1,10060,6.57999992370605,3.52999997138977,0.319999992847443,2.73000001907349,44,8,203,574,1,594,1740
1503960366,2016-05-05,5,14070,8.89999961853027,2.92000007629395,1.08000004291534,4.88000011444092,45,24,250,857,1,247,1959
1503960366,2016-04-17,1,9705,6.48000001907349,3.19000005722046,0.779999971389771,2.50999999046326,38,20,164,539,1,700,1728
1503960366,2016-05-01,1,10602,6.80999994277954,2.28999996185303,1.60000002384186,2.92000007629395,33,35,246,730,1,369,1820
1503960366,2016-04-20,4,10544,6.67999982833862,1.96000003814697,0.479999989271164,4.23999977111816,28,12,205,818,1,360,1786
1503960366,2016-04-28,5,13154,8.52999973297119,3.53999996185303,1.1599999666214,3.78999996185303,48,28,189,782,1,366,1898
1503960366,2016-05-06,6,12159,8.02999973297119,1.97000002861023,0.25,5.80999994277954,24,6,289,754,1,334,1896
1503960366,2016-05-04,4,11100,7.15000009536743,2.46000003814697,0.870000004768372,3.8199999332428,36,22,203,1179,NA,NA,1819
1503960366,2016-04-13,4,10735,6.96999979019165,1.57000005245209,0.689999997615814,4.71000003814697,21,19,217,776,2,384,1797
1503960366,2016-04-15,6,9762,6.28000020980835,2.14000010490417,1.25999999046326,2.82999992370605,29,34,209,726,1,412,1745
1503960366,2016-04-21,5,9819,6.34000015258789,1.3400000333786,0.349999994039536,4.65000009536743,19,8,211,838,1,325,1775
1503960366,2016-04-30,7,14673,9.25,3.55999994277954,1.41999995708466,4.26999998092651,52,34,217,712,1,404,1947
1503960366,2016-04-24,1,10039,6.40999984741211,2.92000007629395,0.209999993443489,3.27999997138977,39,5,238,709,1,430,1788
1503960366,2016-05-11,4,12770,8.13000011444092,2.55999994277954,1.00999999046326,4.55000019073486,36,23,251,669,1,285,1783
1503960366,2016-04-27,4,18134,12.210000038147,6.40000009536743,0.409999996423721,5.40999984741211,78,11,243,1108,NA,NA,2159
1503960366,2016-04-12,3,13162,8.5,1.87999999523163,0.550000011920929,6.05999994277954,25,13,328,728,1,327,1985
1503960366,2016-05-07,7,11992,7.71000003814697,2.46000003814697,2.11999988555908,3.13000011444092,37,46,175,833,1,331,1821
1503960366,2016-05-09,2,12022,7.71999979019165,3.45000004768372,0.529999971389771,3.74000000953674,46,11,206,835,1,338,1819
1503960366,2016-04-25,2,15355,9.80000019073486,5.28999996185303,0.569999992847443,3.94000005722046,73,14,216,814,1,277,2013
1503960366,2016-04-26,3,13755,8.78999996185303,2.32999992370605,0.920000016689301,5.53999996185303,31,23,279,833,1,245,1970
1503960366,2016-04-22,6,12764,8.13000011444092,4.76000022888184,1.12000000476837,2.24000000953674,66,27,130,1217,NA,NA,1827
1503960366,2016-04-18,2,13019,8.59000015258789,3.25,0.639999985694885,4.71000003814697,42,16,233,1149,NA,NA,1921
1503960366,2016-04-16,7,12669,8.15999984741211,2.71000003814697,0.409999996423721,5.03999996185303,36,10,221,773,2,340,1863
1503960366,2016-05-02,2,14727,9.71000003814697,3.21000003814697,0.569999992847443,5.92000007629395,41,15,277,798,1,277,2004
1503960366,2016-04-23,7,14371,9.03999996185303,2.80999994277954,0.870000004768372,5.3600001335144,41,21,262,732,1,361,1949
8877689391,2016-05-10,3,10733,8.14999961853027,1.35000002384186,0.46000000834465,6.28000020980835,18,11,224,1187,NA,NA,2832
8877689391,2016-04-15,6,13422,7.17000007629395,0.0500000007450581,0.0500000007450581,7.01000022888184,106,1,281,1052,NA,NA,3934
8877689391,2016-04-18,2,11423,8.67000007629395,2.44000005722046,0.270000010728836,5.94000005722046,29,5,191,1215,NA,NA,2761
8877689391,2016-04-13,4,15337,9.57999992370605,3.54999995231628,0.379999995231628,5.6399998664856,108,18,216,1098,NA,NA,3566
8877689391,2016-05-08,1,10686,8.10999965667725,1.08000004291534,0.200000002980232,6.80000019073486,17,4,245,1174,NA,NA,2847
8877689391,2016-05-12,5,8064,6.11999988555908,1.82000005245209,0.0399999991059303,4.25,23,1,137,770,NA,NA,1849
8877689391,2016-04-20,4,19948,18.1100006103516,11.0200004577637,0.689999997615814,6.34000015258789,73,19,225,1123,NA,NA,3679
8877689391,2016-05-11,4,21420,19.5599994659424,13.2200002670288,0.409999996423721,5.8899998664856,88,12,213,1127,NA,NA,3832
8877689391,2016-04-29,6,9733,7.3899998664856,1.37999999523163,0.170000001788139,5.78999996185303,18,5,210,1207,NA,NA,2698
8877689391,2016-04-22,6,18258,16.3099994659424,10.2299995422363,0.0299999993294477,5.96999979019165,61,2,236,1141,NA,NA,3427
8877689391,2016-04-27,4,23629,20.6499996185303,13.0699996948242,0.439999997615814,7.09999990463257,93,8,235,1104,NA,NA,3808
8877689391,2016-05-04,4,18193,16.2999992370605,10.4200000762939,0.310000002384186,5.53000020980835,66,8,212,1154,NA,NA,3477
8877689391,2016-04-28,5,14890,11.3000001907349,4.92999982833862,0.379999995231628,5.96999979019165,58,8,231,1143,NA,NA,3060
8877689391,2016-05-09,2,20226,18.25,11.1000003814697,0.800000011920929,6.23999977111816,73,19,217,1131,NA,NA,3710
8877689391,2016-04-12,3,23186,20.3999996185303,12.2200002670288,0.340000003576279,7.82000017166138,85,7,312,1036,NA,NA,3921
8877689391,2016-04-25,2,12986,8.73999977111816,2.36999988555908,0.0700000002980232,6.26999998092651,113,8,218,1101,NA,NA,3802
8877689391,2016-04-16,7,29326,25.2900009155273,13.2399997711182,1.21000003814697,10.710000038147,94,29,429,888,NA,NA,4547
8877689391,2016-04-30,7,27745,26.7199993133545,21.6599998474121,0.0799999982118607,4.92999982833862,124,4,223,1089,NA,NA,4398
8877689391,2016-04-14,5,21129,18.9799995422363,10.5500001907349,0.589999973773956,7.75,68,13,298,1061,NA,NA,3793
8877689391,2016-04-26,3,11101,8.43000030517578,1.75999999046326,0.129999995231628,6.5,22,3,258,1157,NA,NA,2860
8877689391,2016-04-24,1,16674,15.7399997711182,11.0100002288818,0.0099999997764825,4.69000005722046,64,1,227,1148,NA,NA,3455
8877689391,2016-05-05,5,14055,10.6700000762939,5.46000003814697,0.819999992847443,4.36999988555908,67,15,188,1170,NA,NA,3052
8877689391,2016-05-06,6,21727,19.3400001525879,12.789999961853,0.28999999165535,6.15999984741211,96,17,232,1095,NA,NA,4015
8877689391,2016-05-01,1,10930,8.31999969482422,3.13000011444092,0.569999992847443,4.57000017166138,36,12,166,1226,NA,NA,2786
8877689391,2016-05-03,3,10818,8.21000003814697,1.38999998569489,0.100000001490116,6.67000007629395,19,3,229,1189,NA,NA,2817
8877689391,2016-04-19,3,18785,17.3999996185303,12.1499996185303,0.180000007152557,5.03000020980835,82,13,214,1131,NA,NA,3676
8877689391,2016-04-21,5,19377,17.6200008392334,12.289999961853,0.419999986886978,4.8899998664856,82,13,226,1119,NA,NA,3659
2347167796,2016-04-12,3,10113,6.82999992370605,2,0.620000004768372,4.19999980926514,28,13,320,964,NA,NA,2344
2347167796,2016-04-27,4,11423,7.57999992370605,1.86000001430511,0.400000005960464,5.32000017166138,26,9,295,623,1,448,2194
2347167796,2016-04-14,5,10129,6.69999980926514,0.0199999995529652,2.74000000953674,3.94000005722046,1,48,206,705,1,445,2010
2347167796,2016-04-13,4,10352,7.01000022888184,1.6599999666214,1.94000005722046,3.41000008583069,19,32,195,676,1,467,2038
2347167796,2016-04-23,7,16901,11.3699998855591,2.77999997138977,1.45000004768372,7.15000009536743,32,35,360,591,1,374,2629
2347167796,2016-04-22,6,7804,5.15999984741211,0.560000002384186,1.67999994754791,2.92000007629395,9,27,206,781,1,405,1946
2347167796,2016-04-21,5,10080,6.75,1.85000002384186,1.52999997138977,3.38000011444092,23,26,208,761,1,460,2048
2347167796,2016-04-25,2,9482,6.38000011444092,1.26999998092651,0.519999980926514,4.59999990463257,15,11,277,653,1,433,2095
2347167796,2016-04-18,2,8247,5.44999980926514,0.790000021457672,0.860000014305115,3.78999996185303,11,16,206,678,1,500,1944
2347167796,2016-04-16,7,22244,15.0799999237061,5.44999980926514,4.09999990463257,5.53000020980835,66,72,268,968,NA,NA,2670
4388161847,2016-04-27,4,11193,8.60999965667725,0.699999988079071,2.50999999046326,5.3899998664856,11,48,241,684,1,439,3074
4388161847,2016-05-03,3,12727,9.78999996185303,1.12999999523163,0.779999971389771,7.88000011444092,18,18,306,984,NA,NA,3290
4388161847,2016-04-28,5,10074,7.75,1.28999996185303,0.430000007152557,6.03000020980835,19,9,234,878,1,428,2969
4388161847,2016-04-26,3,9461,7.28000020980835,0.939999997615814,1.05999994277954,5.26999998092651,14,23,224,673,1,319,2929
4388161847,2016-04-25,2,12961,9.97000026702881,0.730000019073486,1.39999997615814,7.84000015258789,11,31,301,1054,NA,NA,3288
4388161847,2016-04-30,7,12533,9.64000034332275,0.699999988079071,2,6.94000005722046,14,43,300,537,2,409,3283
4388161847,2016-05-07,7,22770,17.5400009155273,9.44999980926514,2.76999998092651,5.32999992370605,120,56,260,508,1,472,4022
4388161847,2016-04-22,6,12139,9.34000015258789,3.29999995231628,1.11000001430511,4.92000007629395,77,25,220,945,1,82,3544
4388161847,2016-05-02,2,10096,8.39999961853027,3.76999998092651,0.0799999982118607,4.55000019073486,33,4,204,935,2,368,3147
4388161847,2016-04-29,6,9232,7.09999990463257,0.800000011920929,0.889999985694885,5.42000007629395,13,16,236,1175,NA,NA,2979
4388161847,2016-05-08,1,17298,14.3800001144409,9.89000034332275,1.25999999046326,3.23000001907349,107,38,178,576,2,529,3934
4388161847,2016-05-06,6,13175,10.1300001144409,2.10999989509583,2.08999991416931,5.92999982833862,33,45,262,1100,NA,NA,3425
4388161847,2016-05-10,3,10299,7.92000007629395,0.810000002384186,0.649999976158142,6.46000003814697,13,14,267,648,1,354,3061
4388161847,2016-04-24,1,10243,7.88000011444092,1.08000004291534,0.509999990463257,6.30000019073486,14,8,239,584,3,552,2885
4388161847,2016-04-20,4,10553,8.11999988555908,1.10000002384186,1.72000002861023,5.28999996185303,19,42,228,696,1,421,3083
4388161847,2016-04-23,7,13236,10.1800003051758,4.5,0.319999992847443,5.34999990463257,58,5,215,749,1,478,3306
4388161847,2016-04-18,2,11009,9.10000038146973,3.55999994277954,0.400000005960464,5.1399998664856,27,8,239,1017,1,99,3274
6775888955,2016-04-16,7,4732,3.39000010490417,2.51999998092651,0.810000002384186,0.0599999986588955,36,18,9,1377,NA,NA,2225
6775888955,2016-04-30,7,2503,1.78999996185303,0.159999996423721,0.159999996423721,1.48000001907349,3,9,84,1344,NA,NA,2280
6775888955,2016-04-24,1,2153,1.53999996185303,0.769999980926514,0.620000004768372,0.150000005960464,11,18,11,1400,NA,NA,2053
6775888955,2016-04-20,4,10771,7.71999979019165,3.76999998092651,1.74000000953674,2.22000002861023,70,113,178,1079,NA,NA,3727
6775888955,2016-04-26,3,7091,5.26999998092651,3.48000001907349,0.870000004768372,0.730000019073486,42,30,47,1321,NA,NA,2584
6775888955,2016-04-25,2,6474,4.6399998664856,2.26999998092651,0.46000000834465,1.89999997615814,33,13,92,1302,NA,NA,2484
6775888955,2016-04-14,5,5162,3.70000004768372,0.870000004768372,0.860000014305115,1.97000002861023,14,24,105,863,1,423,2507
6775888955,2016-05-01,1,2487,1.77999997138977,0.479999989271164,0.620000004768372,0.680000007152557,9,34,50,1347,NA,NA,2319
6775888955,2016-04-18,2,8294,5.94999980926514,2,0.769999980926514,3.17000007629395,30,31,146,1233,NA,NA,2798
6775888955,2016-05-06,6,4697,3.36999988555908,0.469999998807907,0.930000007152557,1.92999994754791,12,35,75,1318,NA,NA,2496
6775888955,2016-04-17,1,2497,1.78999996185303,0.349999994039536,1.12999999523163,0.310000002384186,5,24,19,1392,NA,NA,2067
6775888955,2016-04-13,4,4053,2.91000008583069,1.11000001430511,0.579999983310699,1.22000002861023,17,18,85,1053,1,235,2400
5553957443,2016-05-06,6,9632,6.28999996185303,1.51999998092651,0.540000021457672,4.23000001907349,21,9,229,761,1,400,1916
5553957443,2016-05-05,5,14331,9.51000022888184,3.4300000667572,1.6599999666214,4.42999982833862,44,29,241,692,1,419,2156
5553957443,2016-04-21,5,12346,8.0600004196167,2.95000004768372,2.16000008583069,2.96000003814697,47,42,177,801,1,399,2066
5553957443,2016-05-09,2,11611,7.57999992370605,2.13000011444092,0.889999985694885,4.55999994277954,59,22,251,667,1,453,2272
5553957443,2016-04-25,2,10946,7.19000005722046,2.9300000667572,0.569999992847443,3.69000005722046,51,11,201,732,1,433,2033
5553957443,2016-04-27,4,10538,6.88000011444092,1.13999998569489,1,4.73999977111816,16,16,206,745,1,347,1922
5553957443,2016-04-28,5,11393,7.63000011444092,3.71000003814697,0.75,3.17000007629395,49,13,165,727,1,421,1999
5553957443,2016-05-10,3,16358,10.710000038147,3.86999988555908,1.61000001430511,5.19999980926514,61,40,265,707,1,418,2335
5553957443,2016-04-15,6,16556,10.8599996566772,4.15999984741211,1.98000001907349,4.71000003814697,58,38,239,689,1,377,2254
5553957443,2016-04-26,3,11886,7.76000022888184,2.36999988555908,0.930000007152557,4.46000003814697,40,18,238,750,1,412,2093
5553957443,2016-04-22,6,11682,7.63000011444092,1.37999999523163,0.629999995231628,5.59999990463257,25,16,270,781,1,322,2105
5553957443,2016-04-19,3,15482,10.1099996566772,4.28000020980835,1.6599999666214,4.17999982833862,69,28,249,756,1,357,2284
5553957443,2016-05-12,5,3121,2.03999996185303,0.579999983310699,0.400000005960464,1.05999994277954,8,6,48,222,1,438,741
5553957443,2016-04-14,5,17022,11.1199998855591,4,2.45000004768372,4.67000007629395,61,41,256,693,1,357,2324
5553957443,2016-05-08,1,6083,4,0.219999998807907,0.469999998807907,3.29999995231628,3,8,210,505,1,568,1762
5553957443,2016-05-03,3,12848,8.39000034332275,1.5,1.20000004768372,5.67999982833862,26,29,247,812,1,380,2116
3372868164,2016-04-13,4,9715,6.63000011444092,0.990000009536743,0.340000003576279,5.26999998092651,16,8,371,1045,NA,NA,2093
3372868164,2016-04-17,1,8199,5.88000011444092,1.4099999666214,0.100000001490116,4.3600001335144,11,2,322,1105,NA,NA,1964
3372868164,2016-04-26,3,8283,5.78999996185303,1.85000002384186,0.0500000007450581,3.86999988555908,22,2,333,1083,NA,NA,2057
3372868164,2016-04-23,7,7396,5.07000017166138,1.39999997615814,0.0799999982118607,3.57999992370605,20,2,303,1115,NA,NA,1995
3372868164,2016-04-27,4,7904,5.42000007629395,1.58000004291534,0.629999995231628,3.19000005722046,24,13,346,1057,NA,NA,2095
3372868164,2016-04-18,2,6798,4.6399998664856,1.08000004291534,0.200000002980232,3.34999990463257,20,7,343,1070,NA,NA,2014
3372868164,2016-04-20,4,4880,3.32999992370605,0.839999973773956,0.0900000035762787,2.38000011444092,15,3,274,1148,NA,NA,1867
3372868164,2016-04-21,5,8857,6.07000017166138,1.14999997615814,0.259999990463257,4.6399998664856,18,9,376,1037,NA,NA,2124
3372868164,2016-04-24,1,6731,4.59000015258789,0.889999985694885,0.189999997615814,3.49000000953674,14,7,292,1127,NA,NA,1921
7086361926,2016-04-27,4,11107,8.34000015258789,5.63000011444092,0.180000007152557,2.52999997138977,55,6,145,829,1,469,2693
7086361926,2016-04-26,3,10387,7.07000017166138,4.15999984741211,0.769999980926514,2.11999988555908,70,33,132,726,1,485,2781
7086361926,2016-04-29,6,7881,4.94999980926514,0.490000009536743,0.449999988079071,4,24,36,182,1198,NA,NA,2616
7086361926,2016-04-25,2,10091,6.82000017166138,3.75,0.699999988079071,2.36999988555908,69,39,129,706,1,446,2752
7086361926,2016-05-03,3,10288,6.76000022888184,2.74000000953674,0.850000023841858,3.16000008583069,57,36,152,761,1,456,2754
7086361926,2016-05-09,2,13566,9.10999965667725,4.26000022888184,1.71000003814697,3.11999988555908,67,50,171,743,1,427,2960
7086361926,2016-04-18,2,9827,6.71000003814697,3.17000007629395,1.22000002861023,2.30999994277954,61,51,114,1136,NA,NA,2743
7086361926,2016-05-11,4,9572,6.51999998092651,2.89000010490417,1.38999998569489,2.23000001907349,57,40,128,757,1,451,2735
7086361926,2016-04-20,4,14365,10.6400003433228,7.6399998664856,0.449999988079071,2.53999996185303,87,13,145,797,1,492,2997
7086361926,2016-04-12,3,11317,8.40999984741211,5.26999998092651,0.150000005960464,2.97000002861023,59,6,153,745,1,514,2772
7086361926,2016-05-10,3,14433,10.789999961853,7.1100001335144,1.20000004768372,2.45000004768372,72,23,106,1182,NA,NA,2800
7086361926,2016-05-04,4,10988,8.3100004196167,5.28000020980835,0.119999997317791,2.90000009536743,45,12,135,843,1,420,2655
7086361926,2016-05-08,1,10677,7.09999990463257,2.30999994277954,1.52999997138977,3.25,32,27,147,695,1,481,2534
7086361926,2016-05-02,2,10052,6.80999994277954,3.48000001907349,0.660000026226044,2.66000008583069,66,26,139,737,1,440,2754
7086361926,2016-04-19,3,10688,7.28999996185303,3.52999997138977,1.23000001907349,2.50999999046326,67,69,124,671,1,472,2944
7086361926,2016-05-07,7,12827,8.47999954223633,1.46000003814697,2.32999992370605,4.67999982833862,20,42,209,621,1,530,2739
7086361926,2016-05-12,5,3789,2.55999994277954,0.379999995231628,0.270000010728836,1.88999998569489,5,4,58,343,1,444,1199
7086361926,2016-05-01,1,12390,8.06999969482422,2.29999995231628,0.899999976158142,4.84999990463257,30,15,258,685,1,388,2730
7086361926,2016-04-30,7,14560,9.40999984741211,3.11999988555908,1.03999996185303,5.23999977111816,42,17,308,584,1,485,2995
7086361926,2016-04-22,6,9753,6.53000020980835,2.86999988555908,0.970000028610229,2.67000007629395,58,59,153,762,1,428,2846
7086361926,2016-05-05,5,8564,5.59999990463257,1.77999997138977,0.829999983310699,2.95000004768372,24,14,149,1253,NA,NA,2386
7086361926,2016-04-15,6,8585,5.67000007629395,2.03999996185303,1.11000001430511,2.52999997138977,30,21,139,864,1,377,2395
7086361926,2016-04-13,4,5813,3.61999988555908,0.560000002384186,0.209999993443489,2.83999991416931,31,26,155,744,1,451,2516
7086361926,2016-04-21,5,9469,6.17999982833862,1.36000001430511,0.300000011920929,4.51000022888184,19,6,206,758,1,390,2463
7086361926,2016-05-06,6,12461,8.38000011444092,3.8199999332428,1.42999994754791,3.11999988555908,84,35,154,834,1,322,2924
2873212765,2016-05-08,1,8168,5.53999996185303,2.90000009536743,0,2.64000010490417,46,0,326,1068,NA,NA,2096
2873212765,2016-04-12,3,8796,5.90999984741211,0.109999999403954,0.930000007152557,4.88000011444092,2,21,356,1061,NA,NA,1982
2873212765,2016-04-29,6,7365,4.94999980926514,1.36000001430511,1.4099999666214,2.1800000667572,20,23,206,1191,NA,NA,1780
2873212765,2016-04-24,1,6873,4.67999982833862,3,0.0599999986588955,1.62000000476837,46,1,190,1203,NA,NA,1898
2873212765,2016-05-07,7,4940,3.38000011444092,2.27999997138977,0.550000011920929,0.550000011920929,75,11,52,1302,NA,NA,1897
2873212765,2016-04-23,7,9317,6.34999990463257,2.08999991416931,0.230000004172325,4.01999998092651,28,5,330,1077,NA,NA,2021
2873212765,2016-04-26,3,8242,5.53999996185303,0.119999997317791,0.180000007152557,5.23999977111816,2,5,309,1124,NA,NA,1882
2873212765,2016-04-16,7,9685,6.65000009536743,3.10999989509583,0.0199999995529652,3.50999999046326,47,1,305,1087,NA,NA,2148
2873212765,2016-04-20,4,9202,6.30000019073486,1.50999999046326,0.119999997317791,4.65999984741211,22,5,378,1035,NA,NA,2094
2873212765,2016-05-01,1,7399,4.96999979019165,0.490000009536743,1.03999996185303,3.44000005722046,7,18,196,1219,NA,NA,1739
2873212765,2016-05-05,5,8314,5.6100001335144,0.779999971389771,0.800000011920929,4.03000020980835,13,23,311,1093,NA,NA,1971
2873212765,2016-04-22,6,7286,4.90000009536743,0.46000000834465,0,4.42000007629395,46,0,366,1028,NA,NA,2241
2873212765,2016-04-28,5,7913,5.40999984741211,2.16000008583069,0.340000003576279,2.91000008583069,28,7,213,1192,NA,NA,1835
6290855005,2016-05-01,1,9837,7.44000005722046,0.660000026226044,2.75,4,8,95,282,1055,NA,NA,3327
6290855005,2016-04-17,1,7851,5.94000005722046,1.13999998569489,0.790000021457672,4,31,12,225,1172,NA,NA,3171
5577150313,2016-04-13,4,5077,3.78999996185303,0.319999992847443,0.219999998807907,3.25,15,11,144,776,1,432,2551
5577150313,2016-04-28,5,9841,7.42999982833862,3.25,1.16999995708466,3.00999999046326,99,51,141,692,1,361,3580
5577150313,2016-04-16,7,14269,10.6599998474121,6.6399998664856,1.27999997138977,2.73000001907349,184,56,158,472,1,406,4274
5577150313,2016-04-30,7,12363,9.23999977111816,5.82999992370605,0.790000021457672,2.60999989509583,207,45,163,621,1,412,4501
5577150313,2016-04-22,6,9172,6.84999990463257,2.42000007629395,0.790000021457672,3.29999995231628,62,30,200,823,1,338,3329
5577150313,2016-05-04,4,5206,3.89000010490417,1.55999994277954,0.25,2.07999992370605,25,9,141,631,1,603,2755
5577150313,2016-05-09,2,3421,2.55999994277954,1.42999994754791,0.140000000596046,0.990000009536743,34,11,70,1099,NA,NA,2489
5577150313,2016-04-12,3,8135,6.07999992370605,3.59999990463257,0.379999995231628,2.09999990463257,86,16,140,728,1,419,3405
5577150313,2016-04-24,1,15764,11.7799997329712,7.65000009536743,2.15000009536743,1.98000001907349,210,65,141,425,1,543,4392
5577150313,2016-04-25,2,6393,4.78000020980835,1.35000002384186,0.670000016689301,2.75999999046326,61,38,214,743,1,421,3374
5577150313,2016-04-17,1,12231,9.14000034332275,5.98000001907349,0.829999983310699,2.3199999332428,200,37,159,525,1,549,4552
5577150313,2016-05-02,2,7439,5.55999994277954,1.12000000476837,0.349999994039536,4.07000017166138,37,20,235,732,2,525,3014
5577150313,2016-05-11,4,4038,3.03999996185303,1.83000004291534,0.300000011920929,0.889999985694885,45,15,63,257,1,431,1665
5577150313,2016-04-27,4,6805,5.1399998664856,1.80999994277954,0.400000005960464,2.9300000667572,63,16,190,773,1,424,3294
5577150313,2016-04-14,5,8596,6.42000007629395,3.32999992370605,0.310000002384186,2.77999997138977,118,30,176,662,1,477,4022
5577150313,2016-04-29,6,7924,5.92000007629395,2.83999991416931,0.610000014305115,2.47000002861023,97,36,165,739,1,459,3544
5577150313,2016-04-19,3,12574,9.42000007629395,7.01999998092651,0.639999985694885,1.75999999046326,108,23,111,733,1,449,3501
5577150313,2016-04-21,5,10830,8.09000015258789,3.65000009536743,1.6599999666214,2.77999997138977,110,74,175,670,1,414,4018
5577150313,2016-05-06,6,4950,3.70000004768372,1.92999994754791,0.319999992847443,1.45000004768372,41,16,79,1304,NA,NA,2643
5577150313,2016-05-05,5,7550,5.6399998664856,2.5,0.469999998807907,2.67000007629395,45,21,143,1153,1,74,3004
5577150313,2016-05-10,3,8869,6.65000009536743,2.55999994277954,0.75,3.34999990463257,104,37,194,639,1,504,3841
5577150313,2016-04-15,6,12087,9.07999992370605,3.92000007629395,1.60000002384186,3.55999994277954,115,54,199,695,1,392,4005
5577150313,2016-04-23,7,7638,5.71000003814697,1.21000003814697,0.360000014305115,4.1399998664856,24,24,223,627,1,384,3152
5577150313,2016-05-01,1,13368,9.98999977111816,5.30999994277954,1.44000005722046,3.24000000953674,194,72,178,499,1,379,4546
5577150313,2016-05-03,3,11045,8.25,4.51999998092651,0.150000005960464,3.5699999332428,97,8,212,580,1,508,3795
5577150313,2016-04-20,4,8330,6.21999979019165,4.11999988555908,0.340000003576279,1.75999999046326,87,16,113,773,1,447,3192
5577150313,2016-04-18,2,9893,7.3899998664856,4.8600001335144,0.720000028610229,1.82000005245209,114,32,130,623,1,527,3625
5577150313,2016-04-26,3,5325,3.98000001907349,0.850000023841858,0.649999976158142,2.47000002861023,38,32,181,759,1,354,3088
4445114986,2016-05-07,7,5183,3.58999991416931,2.13000011444092,0.189999997615814,1.25,26,4,108,866,2,401,2123
4445114986,2016-04-18,2,6155,4.23999977111816,2,0.28999999165535,1.95000004768372,25,6,162,1247,NA,NA,2248
4445114986,2016-05-11,4,9105,6.1100001335144,2.25,1,2.85999989509583,34,22,232,622,1,499,2499
4445114986,2016-04-26,3,6326,4.40999984741211,2.41000008583069,0.0399999991059303,1.96000003814697,29,1,180,839,2,353,2291
4445114986,2016-05-03,3,7502,5.17999982833862,2.48000001907349,0.109999999403954,2.57999992370605,30,2,233,725,2,417,2421
4445114986,2016-05-02,2,6910,4.75,2.21000003814697,0.189999997615814,2.34999990463257,27,4,200,667,1,502,2336
4445114986,2016-04-27,4,7243,5.03000020980835,2.61999988555908,0.0299999993294477,2.38000011444092,32,1,194,839,1,332,2361
4445114986,2016-05-05,5,3800,2.54999995231628,0.119999997317791,0.239999994635582,2.1800000667572,2,6,185,734,2,462,2120
4020332650,2016-04-16,7,1982,1.41999995708466,0.449999988079071,0.370000004768372,0.589999973773956,65,21,55,1222,1,77,3051
4020332650,2016-05-04,4,10252,7.34999990463257,0.670000016689301,1.03999996185303,5.57999992370605,13,46,346,531,1,478,3879
4020332650,2016-05-11,4,3689,2.65000009536743,0.109999999403954,0.170000001788139,2.32999992370605,2,8,134,1296,NA,NA,2645
4020332650,2016-05-05,5,11728,8.43000030517578,2.61999988555908,1.67999994754791,4.03999996185303,38,42,196,916,1,226,3429
6117666160,2016-04-21,5,19542,15.0100002288818,0.980000019073486,0.400000005960464,5.61999988555908,11,19,294,579,1,508,4900
6117666160,2016-04-16,7,14450,10.9099998474121,0.579999983310699,0.850000023841858,9.47999954223633,7,15,518,502,1,380,2828
8378563200,2016-04-12,3,7626,6.05000019073486,0.829999983310699,0.709999978542328,4.5,65,15,156,723,1,338,3635
8378563200,2016-05-03,3,8712,6.90999984741211,1.3400000333786,1.05999994277954,4.5,71,20,195,822,1,405,3784
8378563200,2016-04-29,6,6175,4.90000009536743,0.25,0.360000014305115,4.26999998092651,3,7,172,767,1,527,2982
8378563200,2016-04-20,4,9388,7.44000005722046,2.23000001907349,0.439999997615814,4.78000020980835,82,8,169,763,1,381,3787
8378563200,2016-05-01,1,11419,9.0600004196167,6.03000020980835,0.560000002384186,2.47000002861023,71,10,127,669,1,475,3369
8378563200,2016-04-15,6,14461,11.4700002670288,4.90999984741211,1.14999997615814,5.40999984741211,60,23,190,729,1,513,3666
8378563200,2016-05-06,6,7045,5.59000015258789,1.54999995231628,0.25,3.77999997138977,74,5,166,831,1,323,3644
8378563200,2016-05-04,4,7875,6.23999977111816,1.55999994277954,0.490000009536743,4.19999980926514,19,10,167,680,1,441,3110
8378563200,2016-04-19,3,13070,10.3599996566772,5.30000019073486,0.879999995231628,4.17999982833862,120,19,154,737,1,387,4092
8378563200,2016-04-25,2,12405,9.84000015258789,5.05000019073486,0.870000004768372,3.92000007629395,117,16,141,692,1,388,4005
8378563200,2016-04-16,7,11207,8.89000034332275,5.36999988555908,1.07000005245209,2.44000005722046,64,21,142,563,2,611,3363
8378563200,2016-05-11,4,9143,7.25,1.38999998569489,0.589999973773956,5.26999998092651,72,10,184,763,1,368,3788
8378563200,2016-04-22,6,12200,9.67000007629395,4.90999984741211,0.589999973773956,4.17999982833862,113,12,159,769,1,441,4044
8378563200,2016-05-10,3,6582,5.21999979019165,0.660000026226044,0.639999985694885,3.92000007629395,63,13,152,840,1,342,3586
8378563200,2016-04-28,5,5417,4.30000019073486,0.899999976158142,0.490000009536743,2.91000008583069,11,10,139,711,1,506,2884
8378563200,2016-04-14,5,13318,10.5600004196167,5.61999988555908,1.02999997138977,3.91000008583069,123,21,174,699,1,424,4163
8378563200,2016-05-12,5,4561,3.61999988555908,0.649999976158142,0.270000010728836,2.69000005722046,8,6,102,433,1,496,1976
8378563200,2016-05-09,2,8382,6.65000009536743,1.26999998092651,0.660000026226044,4.71999979019165,71,13,171,772,1,359,3721
8378563200,2016-04-13,4,12386,9.81999969482422,4.96000003814697,0.649999976158142,4.21000003814697,116,14,169,680,2,447,4079
8378563200,2016-05-05,5,8567,6.78999996185303,0.889999985694885,0.159999996423721,5.73999977111816,66,3,214,764,1,381,3783
8378563200,2016-04-21,5,15148,12.0100002288818,6.90000009536743,0.819999992847443,4.28999996185303,137,16,145,677,1,396,4236
8378563200,2016-04-26,3,16208,12.8500003814697,7.51000022888184,0.920000016689301,4.42000007629395,90,18,161,593,1,550,3763
8378563200,2016-04-25,2,12405,9.84000015258789,5.05000019073486,0.870000004768372,3.92000007629395,117,16,141,692,1,388,4005
8378563200,2016-04-23,7,5709,4.53000020980835,1.51999998092651,0.519999980926514,2.48000001907349,19,10,136,740,1,565,2908
8378563200,2016-04-18,2,13630,10.8100004196167,5.05000019073486,0.560000002384186,5.19999980926514,117,10,174,720,1,398,4157
8583815059,2016-04-21,5,8538,6.65999984741211,2.63000011444092,1.01999998092651,3.00999999046326,35,18,158,1229,NA,NA,2883
8583815059,2016-05-10,3,8240,6.42999982833862,0.689999997615814,2.00999999046326,3.72000002861023,9,43,162,1226,NA,NA,2846
8583815059,2016-04-29,6,15168,11.8299999237061,3.90000009536743,3,4.92000007629395,46,67,258,1069,NA,NA,3513
8583815059,2016-04-18,2,3864,3.00999999046326,0.310000002384186,1.05999994277954,1.35000002384186,4,22,105,1309,NA,NA,2536
8583815059,2016-04-27,4,12474,9.72999954223633,6.59999990463257,0.270000010728836,2.86999988555908,77,5,129,1229,NA,NA,3142
8583815059,2016-05-08,1,9217,7.19000005722046,0.219999998807907,3.30999994277954,3.66000008583069,3,72,182,1183,NA,NA,2940
8583815059,2016-05-01,1,4512,3.51999998092651,0.779999971389771,0.119999997317791,2.03999996185303,10,2,117,1311,NA,NA,2596
8583815059,2016-04-22,6,8687,6.78000020980835,0.28999999165535,2.41000008583069,4.07999992370605,4,54,212,1170,NA,NA,2944
8583815059,2016-04-25,2,4503,3.50999999046326,1.47000002861023,0.239999994635582,1.80999994277954,18,6,122,1294,NA,NA,2547
8583815059,2016-05-09,2,9877,7.69999980926514,5.76000022888184,0.170000001788139,1.73000001907349,66,4,110,1260,NA,NA,2947
2026352035,2016-04-12,3,4414,2.74000000953674,0.189999997615814,0.349999994039536,2.20000004768372,3,8,181,706,1,503,1459
7007744171,2016-04-27,4,13541,10.2200002670288,4.26999998092651,0.660000026226044,5.28999996185303,50,12,337,1041,NA,NA,2830
7007744171,2016-04-28,5,15128,10.1199998855591,1.0900000333786,0.769999980926514,8.26000022888184,16,16,401,1007,NA,NA,2836
7007744171,2016-04-29,6,20067,14.3000001907349,4.30999994277954,2.04999995231628,7.94999980926514,55,42,382,961,NA,NA,3180
7007744171,2016-04-22,6,15299,10.2399997711182,4.09999990463257,1.75999999046326,4.36999988555908,64,50,261,1065,NA,NA,2889
7007744171,2016-04-25,2,18229,13.3400001525879,4.30999994277954,1.37000000476837,7.67000007629395,51,24,379,986,NA,NA,3055
7007744171,2016-05-06,6,11459,7.67000007629395,3,0.810000002384186,3.85999989509583,44,13,247,1136,NA,NA,2553
7007744171,2016-04-21,5,13744,9.1899995803833,2.15000009536743,1.87000000476837,5.17000007629395,30,34,327,1049,NA,NA,2763
7007744171,2016-05-03,3,14510,10.8699998855591,4.48000001907349,1.01999998092651,5.3600001335144,58,31,330,1021,NA,NA,2976
7007744171,2016-04-19,3,14194,10.4799995422363,4.40999984741211,0.759999990463257,5.30999994277954,53,17,304,1066,NA,NA,2812
7007744171,2016-04-18,2,14816,10.9799995422363,3.78999996185303,2.11999988555908,5.05000019073486,48,31,284,1077,NA,NA,2832
7007744171,2016-04-20,4,15566,11.3100004196167,4.78999996185303,0.670000016689301,5.8600001335144,60,33,347,1000,NA,NA,3096
7007744171,2016-04-12,3,14172,10.289999961853,4.5,0.379999995231628,5.40999984741211,53,8,355,1024,NA,NA,2937
7007744171,2016-05-02,2,13041,9.18000030517578,4.6399998664856,0.699999988079071,3.82999992370605,64,14,250,1112,NA,NA,2642
7007744171,2016-04-14,5,11179,8.23999977111816,2.95000004768372,0.340000003576279,4.96000003814697,34,6,304,1096,NA,NA,2668
7007744171,2016-04-13,4,12862,9.64999961853027,4.6100001335144,0.560000002384186,4.48000001907349,56,22,261,1101,NA,NA,2742
7007744171,2016-04-26,3,15090,10.1000003814697,0.930000007152557,0.939999997615814,8.22999954223633,16,22,424,978,NA,NA,2939
7007744171,2016-05-05,5,15010,11.1000003814697,4.32999992370605,1.28999996185303,5.48000001907349,53,23,317,1047,NA,NA,2933
1927972279,2016-05-02,2,3790,2.61999988555908,1.1599999666214,0.300000011920929,1.1599999666214,16,8,94,1322,NA,NA,2505
1927972279,2016-05-03,3,1326,0.920000016689301,0.730000019073486,0,0.180000007152557,10,0,17,1413,NA,NA,2195
2022484408,2016-05-06,6,10227,7.17999982833862,1.87000000476837,0.670000016689301,4.6399998664856,24,17,295,1104,NA,NA,2498
2022484408,2016-04-19,3,11548,8.52999973297119,3.28999996185303,0.239999994635582,5,31,7,250,1152,NA,NA,2489
2022484408,2016-05-12,5,9117,6.40999984741211,1.27999997138977,0.670000016689301,4.44000005722046,16,16,236,728,NA,NA,1853
2022484408,2016-04-26,3,10119,7.19000005722046,1.42999994754791,0.660000026226044,5.1100001335144,55,24,275,1086,NA,NA,2793
2022484408,2016-05-07,7,6708,4.71000003814697,1.61000001430511,0.0799999982118607,3.01999998092651,20,2,149,1269,NA,NA,1995
2022484408,2016-04-13,4,12024,8.5,2.99000000953674,0.100000001490116,5.40999984741211,43,5,292,1100,NA,NA,2601
2022484408,2016-04-21,5,12453,8.73999977111816,3.32999992370605,1.11000001430511,4.30999994277954,104,53,255,1028,NA,NA,3158
2022484408,2016-04-17,1,15112,11.3999996185303,3.86999988555908,0.660000026226044,6.88000011444092,28,29,331,1052,NA,NA,2782
2022484408,2016-04-14,5,10690,7.5,2.48000001907349,0.209999993443489,4.82000017166138,32,3,257,1148,NA,NA,2312
2022484408,2016-04-16,7,10100,7.09000015258789,3.15000009536743,0.550000011920929,3.39000010490417,41,11,151,1237,NA,NA,2177
2022484408,2016-05-09,2,13379,9.39000034332275,2.11999988555908,1.62999999523163,5.6399998664856,35,47,297,1061,NA,NA,2709
2022484408,2016-04-20,4,15112,10.6700000762939,3.33999991416931,1.92999994754791,5.40000009536743,48,63,276,1053,NA,NA,2897
2022484408,2016-04-18,2,14131,10.0699996948242,3.64000010490417,0.119999997317791,6.30000019073486,48,3,311,1078,NA,NA,2770
2022484408,2016-04-27,4,10159,7.13000011444092,1.03999996185303,0.970000028610229,5.11999988555908,19,20,282,1119,NA,NA,2463
2022484408,2016-04-24,1,13481,10.2799997329712,4.55000019073486,1.14999997615814,4.57999992370605,37,26,216,1161,NA,NA,2529
2022484408,2016-05-01,1,10538,7.40000009536743,1.94000005722046,0.959999978542328,4.5,25,28,245,1142,NA,NA,2380
2022484408,2016-05-11,4,13272,9.31999969482422,4.17999982833862,1.14999997615814,3.99000000953674,58,25,224,1133,NA,NA,2544
2022484408,2016-05-04,4,11768,8.28999996185303,2.50999999046326,0.930000007152557,4.84999990463257,36,27,272,1105,NA,NA,2649
2022484408,2016-04-12,3,11875,8.34000015258789,3.30999994277954,0.769999980926514,4.26000022888184,42,14,227,1157,NA,NA,2390
2022484408,2016-05-10,3,12798,8.97999954223633,2.22000002861023,1.21000003814697,5.55999994277954,57,28,271,1084,NA,NA,2797
2022484408,2016-05-02,2,10379,7.28999996185303,2.60999989509583,0.340000003576279,4.32999992370605,36,8,277,1119,NA,NA,2473
2022484408,2016-04-29,6,10245,7.19000005722046,0.479999989271164,1.21000003814697,5.5,21,40,281,1098,NA,NA,2611
2022484408,2016-04-25,2,11369,8.01000022888184,3.32999992370605,0.219999998807907,4.46000003814697,44,8,217,1171,NA,NA,2470
2022484408,2016-04-28,5,10140,7.11999988555908,0.409999996423721,1.33000004291534,5.3899998664856,6,20,291,1123,NA,NA,2296
2022484408,2016-04-22,6,12954,9.32999992370605,4.42999982833862,0.419999986886978,4.46999979019165,52,10,273,1105,NA,NA,2638
2022484408,2016-04-15,6,11034,8.02999973297119,1.94000005722046,0.310000002384186,5.78000020980835,27,9,282,1122,NA,NA,2525
2022484408,2016-05-03,3,12183,8.73999977111816,3.99000000953674,0.46000000834465,4.28000020980835,72,14,250,1104,NA,NA,2752
2022484408,2016-04-30,7,18387,12.9099998474121,0.939999997615814,1.39999997615814,10.5699996948242,13,23,361,1043,NA,NA,2732
8792009665,2016-04-24,1,400,0.259999990463257,0.0399999991059303,0.0500000007450581,0.159999996423721,3,8,19,1410,NA,NA,1799
8792009665,2016-04-23,7,5245,3.35999989509583,0.159999996423721,0.439999997615814,2.75,8,45,232,795,1,339,2748
8792009665,2016-04-22,6,4068,2.59999990463257,0.0500000007450581,0.280000001192093,2.26999998092651,1,20,195,817,1,391,2419
6962181067,2016-05-02,2,12912,8.53999996185303,1.20000004768372,2,5.34000015258789,18,39,313,655,1,466,2162
6962181067,2016-04-13,4,5652,3.74000000953674,0.569999992847443,1.21000003814697,1.96000003814697,8,24,142,548,3,630,1718
6962181067,2016-05-10,3,15448,10.210000038147,3.47000002861023,1.75,4.98999977111816,62,34,275,626,1,469,2361
6962181067,2016-05-03,3,12109,8.11999988555908,1.74000000953674,2.03999996185303,4.32999992370605,21,36,267,654,1,394,2072
6962181067,2016-04-27,4,10320,6.82000017166138,0.550000011920929,2.01999998092651,4.25,7,38,279,697,1,455,2034
6962181067,2016-04-22,6,10725,7.09000015258789,1.76999998092651,1.54999995231628,3.76999998092651,30,33,240,659,1,425,2086
6962181067,2016-04-30,7,10081,6.65999984741211,2.24000000953674,0.759999990463257,3.67000007629395,32,16,237,731,1,422,2002
6962181067,2016-05-05,5,10524,6.96000003814697,0.990000009536743,1.1599999666214,4.80999994277954,14,22,305,591,1,467,2066
6962181067,2016-05-11,4,6722,4.44000005722046,1.49000000953674,0.310000002384186,2.65000009536743,24,7,199,709,1,452,1855
6962181067,2016-05-09,2,12342,8.72000026702881,3.90000009536743,1.17999994754791,3.65000009536743,43,21,231,607,1,489,2105
6962181067,2016-04-21,5,11835,9.71000003814697,3.99000000953674,2.09999990463257,3.50999999046326,53,27,214,708,1,451,2179
6962181067,2016-04-16,7,13217,8.73999977111816,3.66000008583069,0.189999997615814,4.88000011444092,50,3,280,741,1,357,2173
6962181067,2016-04-26,3,10433,6.90000009536743,2.57999992370605,0.419999986886978,3.90000009536743,36,7,254,680,1,441,2012
6962181067,2016-04-12,3,10199,6.73999977111816,3.40000009536743,0.829999983310699,2.50999999046326,50,14,189,796,1,366,1994
6962181067,2016-04-20,4,13928,9.55000019073486,4.28000020980835,0.189999997615814,5.09000015258789,48,4,297,639,1,418,2174
6962181067,2016-04-29,6,10762,7.1100001335144,0.819999992847443,0.479999989271164,5.80999994277954,12,15,369,645,1,433,2254
6962181067,2016-04-25,2,13239,9.27000045776367,3.01999998092651,1.67999994754791,4.46000003814697,35,31,282,637,1,400,2194
6962181067,2016-04-18,2,11404,7.53999996185303,0.829999983310699,2.39000010490417,4.32000017166138,13,42,238,689,1,442,2039
6962181067,2016-05-04,4,10147,6.71000003814697,0.469999998807907,1.67999994754791,4.55000019073486,15,36,284,683,1,442,2086
6962181067,2016-04-28,5,12627,8.35000038146973,2.50999999046326,0.239999994635582,5.59000015258789,38,8,288,621,1,440,2182
6962181067,2016-04-19,3,10742,7.09999990463257,2.09999990463257,2.13000011444092,2.86999988555908,35,41,195,659,1,476,2046
6962181067,2016-04-23,7,20031,13.2399997711182,4.19999980926514,2,7.03999996185303,58,41,347,484,1,528,2571
3977333714,2016-04-26,3,11388,7.61999988555908,0.449999988079071,4.21999979019165,2.95000004768372,7,95,170,797,1,250,1551
3977333714,2016-05-01,1,10414,7.07000017166138,2.67000007629395,1.98000001907349,2.41000008583069,41,40,124,691,1,383,1501
3977333714,2016-05-02,2,16520,11.0500001907349,1.53999996185303,6.48000001907349,3.01999998092651,24,143,176,713,1,230,1760
3977333714,2016-04-18,2,11663,7.80000019073486,0.25,3.73000001907349,3.8199999332428,4,95,214,605,2,412,1584
3977333714,2016-04-12,3,8856,5.98000001907349,3.05999994277954,0.910000026226044,2.00999999046326,44,19,131,777,1,274,1450
3977333714,2016-05-04,4,13559,9.4399995803833,1.80999994277954,4.57999992370605,2.89000010490417,14,96,142,852,1,213,1628
3977333714,2016-04-30,7,13238,9.19999980926514,3.69000005722046,2.09999990463257,3.41000008583069,43,52,194,687,1,237,1650
3977333714,2016-04-25,2,11177,8.47999954223633,5.61999988555908,0.430000007152557,2.41000008583069,50,9,133,781,1,262,1570
3977333714,2016-04-17,1,10415,6.96999979019165,0.699999988079071,2.34999990463257,3.92000007629395,11,58,205,600,1,381,1529
3977333714,2016-04-14,5,7641,5.1100001335144,0.319999992847443,0.970000028610229,3.8199999332428,5,23,214,801,1,291,1433
3977333714,2016-05-03,3,14335,9.59000015258789,3.3199999332428,1.74000000953674,4.53000020980835,47,41,258,594,1,292,1710
3977333714,2016-04-22,6,8911,5.96000003814697,2.32999992370605,0.579999983310699,3.05999994277954,33,12,188,731,1,355,1481
3977333714,2016-05-09,2,14687,10.0799999237061,0.769999980926514,5.59999990463257,3.54999995231628,8,122,151,1159,NA,NA,1667
3977333714,2016-04-29,6,10645,7.75,3.74000000953674,1.29999995231628,2.71000003814697,36,32,150,744,1,333,1545
3977333714,2016-05-06,6,11677,8.27999973297119,3.10999989509583,2.50999999046326,2.67000007629395,29,55,168,676,1,323,1590
3977333714,2016-04-24,1,14112,10,3.26999998092651,4.55999994277954,2.17000007629395,30,95,129,660,1,310,1655
3977333714,2016-04-19,3,12414,8.77999973297119,2.24000000953674,2.45000004768372,3.96000003814697,19,67,221,738,1,219,1638
3977333714,2016-04-15,6,9010,6.05999994277954,1.04999995231628,1.75,3.25999999046326,15,42,183,644,1,424,1468
3977333714,2016-05-05,5,12312,8.57999992370605,1.75999999046326,4.1100001335144,2.71000003814697,14,88,178,680,1,318,1618
4702921684,2016-04-18,2,9105,7.38000011444092,1.82000005245209,1.49000000953674,4.07000017166138,22,30,191,890,1,293,3013
4702921684,2016-04-17,1,12692,10.289999961853,0.959999978542328,3.46000003814697,5.88000011444092,12,66,302,437,1,591,3394
4702921684,2016-04-21,5,6530,5.30000019073486,0.310000002384186,2.04999995231628,2.94000005722046,4,41,144,901,1,425,2729
4702921684,2016-04-24,1,15050,12.2200002670288,1.20000004768372,5.11999988555908,5.88000011444092,15,95,281,542,1,480,3538
4702921684,2016-04-23,7,15126,12.2700004577637,0.759999990463257,3.24000000953674,8.27000045776367,9,66,408,469,1,465,3691
4702921684,2016-04-30,7,10144,8.22999954223633,0.319999992847443,2.02999997138977,5.88000011444092,4,36,263,728,1,479,3115
4702921684,2016-05-02,2,7245,5.92000007629395,0.379999995231628,1.74000000953674,3.75999999046326,5,40,195,1131,NA,NA,2859
4702921684,2016-04-28,5,9023,7.32000017166138,1.12999999523163,0.419999986886978,5.76999998092651,14,9,232,738,1,442,3033
4702921684,2016-05-11,4,9810,7.96000003814697,0.779999971389771,2.16000008583069,4.98000001907349,10,41,235,784,1,354,3069
4702921684,2016-04-19,3,6708,5.44000005722046,0.879999995231628,0.370000004768372,4.19000005722046,10,8,179,757,1,457,2812
4702921684,2016-04-20,4,8793,7.13000011444092,0.159999996423721,1.23000001907349,5.73000001907349,2,29,260,717,1,454,3061
4702921684,2016-05-05,5,8614,6.98999977111816,0.670000016689301,0.219999998807907,6.09000015258789,8,5,241,745,1,414,3006
4702921684,2016-04-25,2,9167,7.42999982833862,0.490000009536743,0.819999992847443,6.1100001335144,6,15,270,730,1,370,3064
4702921684,2016-04-16,7,11140,9.02999973297119,0.239999994635582,1.25,7.53999996185303,3,24,335,556,2,382,3328
4702921684,2016-04-27,4,7047,5.71999979019165,0.0900000035762787,0.800000011920929,4.78000020980835,1,16,238,733,1,432,2908
1844505072,2016-04-21,5,8054,5.32000017166138,0.119999997317791,0.519999980926514,4.67999982833862,2,13,308,1117,NA,NA,2062
1624580081,2016-05-01,1,36019,28.0300006866455,21.9200000762939,4.19000005722046,1.9099999666214,186,63,171,1020,NA,NA,2690
1624580081,2016-04-27,4,8367,5.44000005722046,1.11000001430511,1.87000000476837,2.46000003814697,17,36,154,1233,NA,NA,1670
1624580081,2016-04-24,1,6076,3.95000004768372,1.14999997615814,0.910000026226044,1.88999998569489,16,18,185,1221,NA,NA,1617
1624580081,2016-04-17,1,6175,4.05999994277954,1.02999997138977,1.51999998092651,1.49000000953674,15,22,127,1276,NA,NA,1554
1624580081,2016-05-02,2,7155,4.92999982833862,0.860000014305115,0.589999973773956,3.47000002861023,7,6,166,1261,NA,NA,1497
1624580081,2016-04-30,7,6474,4.30000019073486,0.899999976158142,1.27999997138977,2.11999988555908,11,23,224,1182,NA,NA,1655
1624580081,2016-04-18,2,10536,7.40999984741211,2.15000009536743,0.620000004768372,4.61999988555908,17,7,202,1214,NA,NA,1604
8253242879,2016-04-24,1,8905,7.13000011444092,5.59999990463257,0.189999997615814,1.3400000333786,41,4,82,1313,NA,NA,1976
8253242879,2016-04-16,7,9256,6.1399998664856,0.430000007152557,3.26999998092651,2.45000004768372,6,51,115,1268,NA,NA,1880
8253242879,2016-04-23,7,9282,6.26000022888184,2.08999991416931,1.03999996185303,3.13000011444092,30,26,191,1193,NA,NA,2132
8253242879,2016-04-12,3,9033,7.15999984741211,5.42999982833862,0.140000000596046,1.5900000333786,40,2,154,1244,NA,NA,2044
8253242879,2016-04-14,5,5234,3.46000003814697,1.92999994754791,0.990000009536743,0.540000021457672,29,16,33,1362,NA,NA,1705
8253242879,2016-04-21,5,11268,8.5600004196167,5.88000011444092,0.930000007152557,1.75,49,20,172,1199,NA,NA,2218
8253242879,2016-04-17,1,10204,7.90999984741211,5.42999982833862,0.150000005960464,2.32999992370605,41,5,157,1237,NA,NA,2112
8253242879,2016-04-18,2,5151,3.48000001907349,1.03999996185303,0.629999995231628,1.79999995231628,16,16,130,1278,NA,NA,1829
8253242879,2016-04-28,5,2718,1.79999995231628,0.670000016689301,0.779999971389771,0.340000003576279,11,16,20,1393,NA,NA,1580
8253242879,2016-04-27,4,10232,8.18000030517578,6.23999977111816,0.230000004172325,1.70000004768372,45,5,104,1286,NA,NA,2008
8253242879,2016-04-29,6,6260,4.26000022888184,1.28999996185303,0.540000021457672,2.40000009536743,16,14,136,1257,NA,NA,1854
8253242879,2016-04-13,4,8053,6.09999990463257,4.17000007629395,0.629999995231628,1.30999994277954,35,11,96,1298,NA,NA,1935
8253242879,2016-04-26,3,4562,3.03999996185303,1.17999994754791,0.490000009536743,1.37000000476837,19,14,108,1299,NA,NA,1813
8053475328,2016-05-02,2,1969,1.42999994754791,0,0,1.42999994754791,0,0,95,1345,NA,NA,1988
8053475328,2016-05-01,1,1170,0.850000023841858,0,0,0.850000023841858,0,0,51,1389,NA,NA,1886
1644430081,2016-04-22,6,3673,2.67000007629395,0,0,2.66000008583069,0,0,86,1354,NA,NA,2344
1644430081,2016-05-04,4,2309,1.67999994754791,0,0,1.6599999666214,0,0,52,1388,NA,NA,2222
1644430081,2016-05-08,1,6724,4.8899998664856,0,0,4.88000011444092,0,0,295,991,1,137,2987
1644430081,2016-04-24,1,3321,2.41000008583069,0,0,2.41000008583069,0,0,89,1351,NA,NA,2413
1644430081,2016-04-23,7,6637,4.82999992370605,0,0.579999983310699,4.25,0,15,160,1265,NA,NA,2677
1644430081,2016-04-27,4,3032,2.20000004768372,0,0,2.20000004768372,0,0,118,1322,NA,NA,2489
1644430081,2016-04-29,6,3176,2.30999994277954,0,0,2.30999994277954,0,0,120,1193,1,119,2498
1644430081,2016-04-21,5,1223,0.889999985694885,0,0,0.879999995231628,0,0,38,1402,NA,NA,2140
1644430081,2016-05-11,4,1329,0.970000028610229,0,0,0.949999988079071,0,0,49,713,NA,NA,1276
1644430081,2016-04-20,4,2436,1.76999998092651,0,0,1.75999999046326,0,0,125,1315,NA,NA,2430
4558609924,2016-05-12,5,6307,4.17000007629395,0,0,4.17000007629395,0,0,247,736,NA,NA,1452
4558609924,2016-04-20,4,4803,3.17000007629395,0,0,3.17000007629395,0,0,222,1218,NA,NA,1788
4558609924,2016-04-24,1,8563,5.65999984741211,0,0,5.65000009536743,0,0,395,1045,NA,NA,2173
4558609924,2016-05-06,6,3755,2.48000001907349,0,0,2.48000001907349,0,0,202,1238,NA,NA,1722
4558609924,2016-04-12,3,5135,3.39000010490417,0,0,3.39000010490417,0,0,318,1122,NA,NA,1909
4558609924,2016-05-04,4,5232,3.46000003814697,0,0,3.46000003814697,0,0,252,1188,NA,NA,1842
4558609924,2016-05-01,1,3428,2.26999998092651,0,0,2.26999998092651,0,0,190,1121,1,115,1692
4558609924,2016-04-14,5,6799,4.48999977111816,0,0,4.48999977111816,0,0,279,1161,NA,NA,1922
4558609924,2016-05-02,2,7891,5.21999979019165,0,0,5.21999979019165,0,0,383,1057,NA,NA,2066
4319703577,2016-04-21,5,3702,2.48000001907349,0,0,0.349999994039536,0,0,34,1265,1,59,1792
4319703577,2016-05-12,5,17,0.0099999997764825,0,0,0.0099999997764825,0,0,2,0,1,302,257
4319703577,2016-04-20,4,8954,6.01000022888184,0,0.680000007152557,5.30999994277954,0,18,306,671,1,523,2220
4319703577,2016-04-12,3,7753,5.19999980926514,0,0,0,0,0,0,1440,NA,NA,2115
4319703577,2016-05-01,1,1251,0.839999973773956,0,0,0.839999973773956,0,0,67,836,1,484,1593
4319703577,2016-05-08,1,3672,2.46000003814697,0,0,2.46000003814697,0,0,153,603,1,602,1792
4319703577,2016-04-17,1,29,0.0199999995529652,0,0,0.0199999995529652,0,0,3,1363,NA,NA,1464
4319703577,2016-04-25,2,9259,6.21000003814697,0,0.280000001192093,5.92999982833862,0,8,390,544,1,488,2314
4319703577,2016-04-16,7,4744,3.1800000667572,0,0,3.1800000667572,0,0,194,724,1,506,1884
4319703577,2016-04-15,6,5664,3.79999995231628,0,0,3.79999995231628,0,0,228,752,1,465,1985
4319703577,2016-04-19,3,8925,5.98999977111816,0,0,5.98999977111816,0,0,311,604,2,461,2200
4319703577,2016-05-02,2,9261,6.23999977111816,0,0.439999997615814,5.71000003814697,0,11,344,585,1,478,2270
4319703577,2016-04-23,7,4935,3.30999994277954,0,0,3.30999994277954,0,0,233,546,1,692,1945
2320127002,2016-05-01,1,772,0.519999980926514,0,0,0.519999980926514,0,0,40,1400,NA,NA,1403
2320127002,2016-04-17,1,6198,4.17999982833862,0,0,4.17999982833862,0,0,249,1191,NA,NA,1852
2320127002,2016-05-04,4,1201,0.810000002384186,0,0,0.810000002384186,0,0,52,1388,NA,NA,1426
2320127002,2016-05-07,7,7379,4.96999979019165,0,0,4.96999979019165,0,0,319,1121,NA,NA,1972
2320127002,2016-04-26,3,3409,2.29999995231628,0,0,2.29999995231628,0,0,147,1293,NA,NA,1632
2320127002,2016-05-06,6,4878,3.28999996185303,0,0,3.28999996185303,0,0,204,1236,NA,NA,1742
2320127002,2016-04-29,6,924,0.620000004768372,0,0,0.620000004768372,0,0,45,1395,NA,NA,1410
2320127002,2016-05-12,5,2661,1.78999996185303,0,0,1.78999996185303,0,0,128,830,NA,NA,1125
2320127002,2016-04-16,7,5057,3.41000008583069,0,0,3.40000009536743,0,0,195,1245,NA,NA,1724
2320127002,2016-05-09,2,3090,2.07999992370605,0,0,2.07999992370605,0,0,145,1295,NA,NA,1630
2320127002,2016-04-28,5,1532,1.02999997138977,0,0,1.02999997138977,0,0,76,1364,NA,NA,1473
2320127002,2016-05-10,3,6227,4.19999980926514,0,0,4.19999980926514,0,0,290,1150,NA,NA,1899
2320127002,2016-05-08,1,5161,3.48000001907349,0,0,3.47000002861023,0,0,247,1193,NA,NA,1821
2320127002,2016-04-18,2,6559,4.42000007629395,0,0.259999990463257,4.1399998664856,0,7,260,1173,NA,NA,1905
2320127002,2016-04-19,3,5997,4.03999996185303,0,0.379999995231628,3.66000008583069,0,11,228,1201,NA,NA,1811
2320127002,2016-04-15,6,5205,3.50999999046326,0,0,3.50999999046326,0,0,245,1195,NA,NA,1801
2320127002,2016-04-13,4,7275,4.90000009536743,0,0,4.90000009536743,0,0,335,1105,NA,NA,2003
2320127002,2016-05-05,5,5202,3.50999999046326,0,0.389999985694885,3.10999989509583,0,11,223,1206,NA,NA,1780
2320127002,2016-05-11,4,6424,4.32999992370605,0,0,4.32999992370605,0,0,300,1140,NA,NA,1903
2320127002,2016-04-23,7,5079,3.42000007629395,0,0,3.42000007629395,0,0,242,1129,1,61,1804
2320127002,2016-04-24,1,4165,2.80999994277954,0,0,2.79999995231628,0,0,204,1236,NA,NA,1725
2320127002,2016-04-20,4,7192,4.84999990463257,0,0.490000009536743,4.34000015258789,0,11,283,1146,NA,NA,1922
2320127002,2016-04-14,5,3973,2.6800000667572,0,0,2.6800000667572,0,0,191,1249,NA,NA,1696
2320127002,2016-04-22,6,5583,3.75999999046326,0,0,3.75999999046326,0,0,266,1174,NA,NA,1851
2320127002,2016-04-27,4,1715,1.1599999666214,0,0,1.1599999666214,0,0,82,1358,NA,NA,1481
2320127002,2016-04-30,7,4571,3.07999992370605,0,0,3.0699999332428,0,0,234,1206,NA,NA,1779
1503960366,2016-05-12,5,0,0,0,0,0,0,0,0,1440,NA,NA,0
8877689391,2016-04-23,7,11200,7.42999982833862,0,0,7.40000009536743,102,6,300,1032,NA,NA,3891
8877689391,2016-05-02,2,4790,3.64000010490417,0,0,3.55999994277954,0,0,105,1335,NA,NA,2189
8877689391,2016-04-17,1,15118,8.86999988555908,0,0.0700000002980232,8.78999996185303,58,15,307,1060,NA,NA,3545
2347167796,2016-04-19,3,6711,4.44000005722046,0,0,4.44000005722046,0,7,382,648,1,465,2346
2347167796,2016-04-28,5,5439,3.59999990463257,0,0,3.59999990463257,0,0,229,764,1,408,1854
2347167796,2016-04-29,6,42,0.0299999993294477,0,0,0.0299999993294477,0,0,4,2,1,411,403
2347167796,2016-04-26,3,5980,3.95000004768372,0,0,3.95000004768372,0,0,227,732,1,436,1861
2347167796,2016-04-24,1,9471,6.26000022888184,0,0,6.26000022888184,0,0,360,584,1,442,2187
4388161847,2016-04-12,3,10122,7.78000020980835,0,0,0,0,0,0,1440,NA,NA,2955
4388161847,2016-04-15,6,8758,6.73000001907349,0,0,6.73000001907349,0,0,299,837,1,499,3066
4388161847,2016-04-17,1,4660,3.57999992370605,0,0,3.57999992370605,0,0,201,721,2,619,2572
4388161847,2016-05-12,5,3369,2.58999991416931,0,0,2.58999991416931,0,0,108,825,NA,NA,1623
6775888955,2016-04-22,6,637,0.46000000834465,0,0,0.46000000834465,0,0,20,1420,NA,NA,1922
6775888955,2016-05-02,2,0,0,0,0,0,0,0,0,1440,NA,NA,1841
6775888955,2016-04-19,3,0,0,0,0,0,0,0,0,1440,NA,NA,1841
6775888955,2016-04-15,6,1282,0.920000016689301,0,0,0.920000016689301,0,0,58,976,1,391,2127
6775888955,2016-05-05,5,0,0,0,0,0,0,0,0,1440,NA,NA,1841
6775888955,2016-04-27,4,0,0,0,0,0,0,0,0,1440,NA,NA,1841
6775888955,2016-04-21,5,0,0,0,0,0,0,0,0,1440,NA,NA,1841
6775888955,2016-05-04,4,0,0,0,0,0,0,0,0,1440,NA,NA,1841
6775888955,2016-04-23,7,0,0,0,0,0,0,0,0,1440,NA,NA,1841
6775888955,2016-05-03,3,9,0.0099999997764825,0,0,0.0099999997764825,0,0,1,1439,NA,NA,1843
6775888955,2016-04-12,3,0,0,0,0,0,0,0,0,1440,NA,NA,1841
6775888955,2016-04-29,6,0,0,0,0,0,0,0,0,1440,NA,NA,1841
5553957443,2016-04-13,4,4832,3.16000008583069,0,0,3.16000008583069,0,0,226,647,2,455,1718
5553957443,2016-04-16,7,5771,3.76999998092651,0,0,3.76999998092651,0,0,288,521,2,651,1831
5553957443,2016-05-11,4,4926,3.22000002861023,0,0,3.22000002861023,0,0,195,628,1,463,1693
5553957443,2016-04-30,7,1202,0.779999971389771,0,0,0.779999971389771,0,0,84,506,2,775,1463
5553957443,2016-05-04,4,4249,2.76999998092651,0,0,2.76999998092651,0,0,224,651,1,447,1698
5553957443,2016-04-17,1,655,0.430000007152557,0,0,0.430000007152557,0,0,46,943,1,350,1397
5553957443,2016-04-18,2,3727,2.4300000667572,0,0,2.4300000667572,0,0,206,622,2,520,1683
5553957443,2016-04-24,1,1807,1.17999994754791,0,0,1.17999994754791,0,0,104,582,2,553,1507
5553957443,2016-05-07,7,1868,1.22000002861023,0,0,1.22000002861023,0,0,96,902,1,442,1494
5553957443,2016-04-23,7,4112,2.69000005722046,0,0,2.6800000667572,0,0,272,443,2,631,1776
5553957443,2016-04-20,4,2713,1.76999998092651,0,0,1.76999998092651,0,0,148,598,1,658,1570
5553957443,2016-05-01,1,5164,3.36999988555908,0,0,3.36999988555908,0,0,237,436,2,622,1747
3372868164,2016-04-28,5,5512,3.75999999046326,0,0,3.75999999046326,0,0,385,1055,NA,NA,1972
3372868164,2016-04-19,3,7711,5.26000022888184,0,0,5.23999977111816,0,0,376,1064,NA,NA,1985
3372868164,2016-04-29,6,9135,6.23000001907349,0,0,6.21999979019165,0,0,402,1038,NA,NA,2044
3372868164,2016-04-12,3,4747,3.24000000953674,0,0,3.23000001907349,0,0,280,1160,NA,NA,1788
3372868164,2016-04-15,6,7451,5.07999992370605,0,0,5.05999994277954,0,0,335,1105,NA,NA,1908
3372868164,2016-04-16,7,6905,4.73000001907349,0,0,4.69999980926514,0,0,356,1084,NA,NA,1908
3372868164,2016-04-22,6,3843,2.61999988555908,0,0,2.60999989509583,0,0,206,1234,NA,NA,1669
3372868164,2016-04-25,2,5995,4.09000015258789,0,0,4.09000015258789,0,0,416,1024,NA,NA,2010
3372868164,2016-05-01,1,3077,2.09999990463257,0,0,2.08999991416931,0,0,172,842,NA,NA,1237
7086361926,2016-04-23,7,2817,1.80999994277954,0,0,1.79999995231628,0,0,90,1350,NA,NA,1965
7086361926,2016-04-16,7,31,0.0099999997764825,0,0,0.0099999997764825,0,0,3,1437,NA,NA,1635
7086361926,2016-04-24,1,3520,2.16000008583069,0,0,2.15000009536743,0,0,125,566,1,681,2049
7086361926,2016-04-17,1,0,0,0,0,0,0,0,0,1440,NA,NA,1629
2873212765,2016-04-14,5,7910,5.32000017166138,0,0,5.32000017166138,0,0,331,1109,NA,NA,1893
2873212765,2016-05-12,5,7566,5.1100001335144,0,0,5.1100001335144,0,0,268,720,NA,NA,1431
2873212765,2016-05-09,2,7726,5.19000005722046,0,0,5.19000005722046,0,0,345,1095,NA,NA,1906
2873212765,2016-05-02,2,7525,5.05999994277954,0,0.209999993443489,4.82999992370605,0,7,334,1099,NA,NA,1878
2873212765,2016-04-15,6,8482,5.69999980926514,0,0,5.69000005722046,0,0,448,992,NA,NA,2063
2873212765,2016-05-10,3,8275,5.55999994277954,0,0,5.55000019073486,0,0,373,1067,NA,NA,1962
2873212765,2016-05-11,4,6440,4.32999992370605,0,0,4.32000017166138,0,0,319,1121,NA,NA,1826
2873212765,2016-04-17,1,2524,1.70000004768372,0,0.349999994039536,1.3400000333786,0,8,160,1272,NA,NA,1529
2873212765,2016-05-06,6,7063,4.75,0,0.119999997317791,4.6100001335144,0,5,370,1065,NA,NA,1910
2873212765,2016-04-13,4,7618,5.11999988555908,0,0.219999998807907,4.88000011444092,0,8,404,1028,NA,NA,2004
2873212765,2016-04-25,2,7373,4.94999980926514,0,0,4.94999980926514,0,0,359,1081,NA,NA,1907
2873212765,2016-04-27,4,3516,2.35999989509583,0,0,2.35999989509583,46,0,197,1197,NA,NA,1966
2873212765,2016-05-04,4,8278,5.55999994277954,0,0,5.55999994277954,0,0,420,1020,NA,NA,2015
2873212765,2016-04-19,3,7948,5.36999988555908,0,0,5.3600001335144,0,0,389,1051,NA,NA,1956
6290855005,2016-04-20,4,6361,4.80999994277954,0,0,4.80000019073486,0,0,258,1182,NA,NA,2701
6290855005,2016-04-22,6,6238,4.71999979019165,0,0,4.71999979019165,0,0,302,1138,NA,NA,2796
6290855005,2016-04-29,6,0,0,0,0,0,0,0,0,1440,NA,NA,2060
6290855005,2016-05-07,7,5510,4.17000007629395,0,0,4.15999984741211,0,0,227,1213,NA,NA,2613
6290855005,2016-05-08,1,7706,5.82999992370605,0,0,5.82000017166138,0,0,251,1189,NA,NA,2712
6290855005,2016-04-12,3,4562,3.45000004768372,0,0,3.45000004768372,0,0,199,1241,NA,NA,2560
6290855005,2016-05-04,4,5832,4.40999984741211,0,0,4.40000009536743,0,0,272,1168,NA,NA,2718
6290855005,2016-04-14,5,7671,5.80000019073486,0,0,5.76999998092651,0,0,363,1077,NA,NA,2952
6290855005,2016-04-16,7,8301,6.28000020980835,0,0,6.26999998092651,0,0,258,1182,NA,NA,2783
6290855005,2016-04-19,3,7142,5.40000009536743,0,0,5.3899998664856,0,0,321,1119,NA,NA,2839
6290855005,2016-04-21,5,0,0,0,0,0,0,0,0,1440,NA,NA,2060
6290855005,2016-04-18,2,6885,5.21000003814697,0,0,5.19000005722046,0,0,271,1169,NA,NA,2766
6290855005,2016-04-24,1,5896,4.46000003814697,0,0,4.46000003814697,0,0,258,1182,NA,NA,2703
6290855005,2016-04-27,4,5565,4.21000003814697,0,0,4.17999982833862,0,0,287,1153,NA,NA,2743
6290855005,2016-05-09,2,6277,4.75,0,0,4.73000001907349,0,0,264,800,NA,NA,2175
6290855005,2016-05-10,3,0,0,0,0,0,0,0,0,1440,NA,NA,0
6290855005,2016-04-23,7,0,0,0,0,0,33,0,0,1407,NA,NA,2664
6290855005,2016-04-26,3,0,0,0,0,0,0,0,0,1440,NA,NA,2060
6290855005,2016-05-06,6,6116,4.61999988555908,0,0,4.59000015258789,0,0,305,1135,NA,NA,2806
6290855005,2016-04-13,4,7142,5.40000009536743,0,0,5.3899998664856,0,0,350,1090,NA,NA,2905
6290855005,2016-05-05,5,6339,4.78999996185303,0,0,4.78999996185303,0,0,239,1201,NA,NA,2682
6290855005,2016-04-15,6,9501,7.17999982833862,0,0,7.17000007629395,0,0,328,1112,NA,NA,2896
6290855005,2016-04-28,5,5731,4.32999992370605,0,0,4.32999992370605,0,0,255,1185,NA,NA,2687
6290855005,2016-05-02,2,6781,5.13000011444092,0,0,5.1100001335144,0,0,268,1172,NA,NA,2725
6290855005,2016-04-30,7,6744,5.09999990463257,0,0,5.09000015258789,0,0,324,1116,NA,NA,2843
6290855005,2016-05-03,3,6047,4.57000017166138,0,0,4.57000017166138,0,0,240,1200,NA,NA,2671
5577150313,2016-05-08,1,0,0,0,0,0,0,0,0,1440,NA,NA,1819
5577150313,2016-05-07,7,0,0,0,0,0,0,0,0,1440,NA,NA,1819
4445114986,2016-04-23,7,4363,2.9300000667572,0,0,2.9300000667572,0,0,201,1239,NA,NA,2149
4445114986,2016-04-13,4,2961,1.99000000953674,0,0,1.99000000953674,0,0,194,840,2,370,2095
4445114986,2016-04-24,1,5002,3.35999989509583,0,0,3.35999989509583,0,0,244,1196,NA,NA,2247
4445114986,2016-04-30,7,6222,4.17999982833862,0,0,4.17999982833862,0,0,290,797,1,322,2363
4445114986,2016-05-04,4,2923,1.96000003814697,0,0,1.96000003814697,0,0,180,897,2,337,2070
4445114986,2016-04-28,5,4493,3.00999999046326,0,0,3.00999999046326,0,0,236,762,1,419,2203
4445114986,2016-04-15,6,7198,4.82999992370605,0,0,4.82999992370605,0,0,350,711,2,337,2496
4445114986,2016-05-10,3,3915,2.63000011444092,0,0,2.63000011444092,0,0,231,783,1,405,2181
4445114986,2016-04-19,3,2064,1.38999998569489,0,0,1.38999998569489,0,0,121,895,2,388,1954
4445114986,2016-05-01,1,5232,3.50999999046326,0,0,3.50999999046326,0,0,240,741,2,439,2246
4445114986,2016-04-16,7,3945,2.65000009536743,0,0,2.65000009536743,0,0,225,716,1,462,2180
4445114986,2016-04-22,6,6831,4.57999992370605,0,0,4.57999992370605,0,0,317,706,1,388,2432
4445114986,2016-04-17,1,2268,1.51999998092651,0,0,1.51999998092651,0,0,114,1219,1,98,1933
4445114986,2016-04-21,5,3809,2.55999994277954,0,0,2.53999996185303,0,0,215,756,1,436,2150
4445114986,2016-05-06,6,4514,3.02999997138977,0,0,3.02999997138977,0,0,229,809,2,374,2211
4445114986,2016-04-20,4,2072,1.38999998569489,0,0,1.38999998569489,0,0,137,841,1,439,1974
4445114986,2016-04-29,6,4676,3.14000010490417,0,0,3.13000011444092,0,0,226,1106,1,106,2196
4445114986,2016-05-12,5,768,0.519999980926514,0,0,0.519999980926514,0,0,58,380,1,483,1212
4445114986,2016-04-14,5,3974,2.67000007629395,0,0,2.67000007629395,0,0,231,717,1,441,2194
4445114986,2016-05-09,2,5275,3.53999996185303,0,0,3.53999996185303,0,0,266,641,1,457,2281
4445114986,2016-04-25,2,3385,2.26999998092651,0,0,2.26999998092651,0,0,179,916,1,328,2070
4445114986,2016-05-08,1,7303,4.90000009536743,0,0.25,4.65000009536743,0,8,308,733,1,361,2423
4445114986,2016-04-12,3,3276,2.20000004768372,0,0,2.20000004768372,0,0,196,787,2,429,2113
4020332650,2016-04-30,7,0,0,0,0,0,0,0,0,1440,NA,NA,1980
4020332650,2016-04-18,2,62,0.0399999991059303,0,0,0.0399999991059303,0,0,2,1438,NA,NA,1995
4020332650,2016-05-03,3,4496,3.22000002861023,0,0,3.15000009536743,0,0,174,950,1,322,2828
4020332650,2016-05-12,5,590,0.419999986886978,0,0,0.409999996423721,0,0,21,721,NA,NA,1120
4020332650,2016-04-19,3,0,0,0,0,0,0,0,0,1440,NA,NA,1980
4020332650,2016-04-17,1,16,0.0099999997764825,0,0,0.0099999997764825,0,0,2,1438,NA,NA,1990
4020332650,2016-05-06,6,4369,3.13000011444092,0,0,3.09999990463257,0,0,177,855,1,385,2704
4020332650,2016-04-29,6,0,0,0,0,0,0,0,0,1440,NA,NA,1980
4020332650,2016-05-10,3,5546,3.98000001907349,0,0,3.86999988555908,0,0,206,774,1,442,2926
4020332650,2016-04-27,4,0,0,0,0,0,0,0,0,1440,NA,NA,1980
4020332650,2016-05-08,1,5862,4.19999980926514,0,0,4.15000009536743,0,0,263,775,1,364,3089
4020332650,2016-05-02,2,475,0.340000003576279,0,0.0399999991059303,0.28999999165535,0,11,31,1350,NA,NA,2207
4020332650,2016-04-24,1,0,0,0,0,0,0,0,0,1440,NA,NA,1980
4020332650,2016-04-20,4,0,0,0,0,0,0,0,0,1440,NA,NA,1980
4020332650,2016-05-01,1,0,0,0,0,0,0,0,0,1440,NA,NA,1980
4020332650,2016-04-14,5,108,0.0799999982118607,0,0,0.0299999993294477,0,0,3,1437,NA,NA,2011
4020332650,2016-04-28,5,0,0,0,0,0,0,0,0,1440,NA,NA,1980
4020332650,2016-04-26,3,0,0,0,0,0,0,0,0,1440,NA,NA,1980
4020332650,2016-05-07,7,6132,4.40000009536743,0,0,3.57999992370605,0,0,184,1256,NA,NA,2975
4020332650,2016-04-13,4,0,0,0,0,0,0,0,0,1440,NA,NA,1981
4020332650,2016-04-23,7,0,0,0,0,0,0,0,0,1440,NA,NA,1980
4020332650,2016-04-21,5,0,0,0,0,0,0,0,0,1440,NA,NA,1980
4020332650,2016-04-25,2,0,0,0,0,0,0,0,0,1440,NA,NA,1980
4020332650,2016-04-22,6,0,0,0,0,0,0,0,0,1440,NA,NA,1980
6117666160,2016-04-30,7,6987,5.28000020980835,0,0,5.28000020980835,0,0,343,1040,NA,NA,2275
6117666160,2016-05-09,2,4477,3.38000011444092,0,0,3.38000011444092,0,0,197,125,1,492,1248
6117666160,2016-05-08,1,7328,5.53000020980835,0,0,5.53000020980835,0,0,318,517,1,555,2250
6117666160,2016-04-14,5,0,0,0,0,0,0,0,0,1440,NA,NA,1496
6117666160,2016-05-05,5,9799,7.40000009536743,0,0,7.40000009536743,0,0,487,479,1,392,2636
6117666160,2016-04-27,4,9411,7.1100001335144,0,0,7.1100001335144,0,0,458,417,1,542,2576
6117666160,2016-04-13,4,0,0,0,0,0,0,0,0,1440,NA,NA,1496
6117666160,2016-05-06,6,3365,2.6800000667572,0,0,2.6800000667572,0,0,133,673,2,658,1838
6117666160,2016-04-25,2,0,0,0,0,0,0,0,0,1440,NA,NA,1497
6117666160,2016-05-07,7,7336,5.53999996185303,0,0,5.53999996185303,0,0,412,456,2,498,2469
6117666160,2016-05-04,4,2997,2.25999999046326,0,0,2.25999999046326,0,0,156,1279,NA,NA,1902
6117666160,2016-04-22,6,8206,6.19999980926514,0,0,6.19999980926514,0,0,402,413,1,480,2409
6117666160,2016-04-23,7,11495,8.68000030517578,0,0,8.68000030517578,0,0,512,468,1,492,2651
6117666160,2016-04-12,3,0,0,0,0,0,0,0,0,1440,NA,NA,1496
6117666160,2016-04-29,6,9592,7.23999977111816,0,0,7.23999977111816,0,0,461,479,1,600,2560
6117666160,2016-04-17,1,7150,5.40000009536743,0,0,5.40000009536743,0,0,312,702,2,336,2225
6117666160,2016-04-28,5,3403,2.59999990463257,0,0,2.59999990463257,0,0,141,758,1,393,1879
6117666160,2016-05-02,2,4933,3.73000001907349,0,0,3.73000001907349,0,0,236,1204,NA,NA,2044
6117666160,2016-05-01,1,8915,6.73000001907349,0,0,6.73000001907349,0,0,397,525,1,507,2361
6117666160,2016-04-19,3,11135,8.40999984741211,0,0,8.40999984741211,0,0,480,425,1,465,2606
6117666160,2016-04-24,1,7623,5.76000022888184,0,0,5.76000022888184,0,0,362,711,1,353,2305
6117666160,2016-04-18,2,5153,3.91000008583069,0,0,3.89000010490417,0,0,241,759,2,493,2018
6117666160,2016-04-15,6,14019,10.5900001525879,0,0.280000001192093,10.3000001907349,0,6,513,921,NA,NA,2865
6117666160,2016-05-03,3,0,0,0,0,0,0,0,0,1440,NA,NA,1496
6117666160,2016-04-26,3,9543,7.21000003814697,0,0.340000003576279,6.86999988555908,0,7,352,1077,NA,NA,2450
8378563200,2016-05-08,1,2943,2.32999992370605,0,0,2.32999992370605,0,0,139,621,1,545,2685
8378563200,2016-05-07,7,4468,3.53999996185303,0,0,3.53999996185303,0,0,158,851,2,459,2799
8378563200,2016-04-24,1,3703,2.94000005722046,0,0,2.94000005722046,0,0,135,734,1,458,2741
8378563200,2016-04-17,1,2132,1.69000005722046,0,0,1.69000005722046,0,0,93,599,2,525,2572
8378563200,2016-04-30,7,2946,2.33999991416931,0,0,2.33999991416931,0,0,121,780,1,468,2660
8583815059,2016-05-07,7,6117,4.76999998092651,0,0,4.76999998092651,0,0,250,1190,NA,NA,2810
8583815059,2016-04-12,3,5014,3.91000008583069,0,0.330000013113022,3.57999992370605,0,7,196,1237,NA,NA,2650
8583815059,2016-05-03,3,12015,9.36999988555908,0,0,0,0,0,0,1440,NA,NA,3212
8583815059,2016-04-15,6,3430,2.6800000667572,0,0,0.899999976158142,0,0,65,1375,NA,NA,2505
8583815059,2016-04-16,7,5319,4.15000009536743,0,0,0,0,0,0,1440,NA,NA,2693
8583815059,2016-05-05,5,12427,9.6899995803833,0,0,1.17999994754791,0,0,70,1370,NA,NA,3266
8583815059,2016-04-28,5,6174,4.82000017166138,0,1.20000004768372,3.60999989509583,0,28,203,1209,NA,NA,2757
8583815059,2016-05-02,2,8469,6.6100001335144,0,0,0,0,0,0,1440,NA,NA,2894
8583815059,2016-04-17,1,3008,2.34999990463257,0,0,0,0,0,0,1440,NA,NA,2439
8583815059,2016-05-12,5,0,0,0,0,0,0,0,0,1440,NA,NA,0
8583815059,2016-04-14,5,3135,2.45000004768372,0,0,2.4300000667572,0,0,134,1306,NA,NA,2443
8583815059,2016-04-20,4,5273,4.1100001335144,0,1.03999996185303,3.0699999332428,0,27,167,1246,NA,NA,2647
8583815059,2016-05-04,4,3588,2.79999995231628,0,0,0,0,0,0,1440,NA,NA,2516
2026352035,2016-05-03,3,5992,3.72000002861023,0,0,3.72000002861023,0,0,304,981,NA,NA,1604
2026352035,2016-04-25,2,6017,3.73000001907349,0,0,3.73000001907349,0,0,260,821,1,506,1576
2026352035,2016-04-28,5,6375,3.95000004768372,0,0,3.95000004768372,0,0,331,626,1,513,1649
2026352035,2016-05-01,1,3609,2.27999997138977,0,0,2.27999997138977,0,0,191,716,1,527,1447
2026352035,2016-04-14,5,3335,2.0699999332428,0,0,2.04999995231628,0,0,197,653,1,545,1431
2026352035,2016-04-15,6,3821,2.36999988555908,0,0,2.36999988555908,0,0,188,687,1,523,1444
2026352035,2016-04-18,2,3325,2.05999994277954,0,0,2.05999994277954,0,0,182,1062,NA,NA,1419
2026352035,2016-04-17,1,838,0.519999980926514,0,0,0.519999980926514,0,0,60,1053,1,437,1214
2026352035,2016-05-10,3,254,0.159999996423721,0,0,0.159999996423721,0,0,17,1002,1,357,1141
2026352035,2016-04-27,4,6088,3.76999998092651,0,0,3.76999998092651,0,0,286,586,1,508,1593
2026352035,2016-04-30,7,4729,2.9300000667572,0,0,2.9300000667572,0,0,233,594,1,573,1506
2026352035,2016-05-02,2,7018,4.34999990463257,0,0,4.34999990463257,0,0,355,716,1,511,1690
2026352035,2016-04-13,4,4993,3.09999990463257,0,0,3.09999990463257,0,0,238,663,1,531,1521
2026352035,2016-05-06,6,8198,5.07999992370605,0,0,5.07999992370605,0,0,383,511,1,524,1736
2026352035,2016-04-16,7,2547,1.58000004291534,0,0,1.58000004291534,0,0,150,728,1,524,1373
2026352035,2016-04-26,3,5933,3.6800000667572,0,0,3.6800000667572,0,0,288,1018,NA,NA,1595
2026352035,2016-05-07,7,4193,2.59999990463257,0,0,2.59999990463257,0,0,229,665,1,511,1491
2026352035,2016-04-29,6,7604,4.71000003814697,0,0,4.71000003814697,0,0,352,492,1,490,1692
2026352035,2016-05-08,1,5528,3.45000004768372,0,0,3.45000004768372,0,0,258,610,1,541,1555
2026352035,2016-05-04,4,6564,4.07000017166138,0,0,4.07000017166138,0,0,345,530,1,538,1658
2026352035,2016-05-12,5,8891,5.51000022888184,0,0,5.51000022888184,0,0,343,330,1,456,1364
2026352035,2016-04-20,4,7222,4.48000001907349,0,0,4.48000001907349,0,0,327,623,1,461,1667
2026352035,2016-04-22,6,2915,1.80999994277954,0,0,1.80999994277954,0,0,162,712,1,520,1399
2026352035,2016-04-21,5,2467,1.52999997138977,0,0,1.52999997138977,0,0,153,749,1,477,1370
2026352035,2016-05-11,4,8580,5.32000017166138,0,0,5.32000017166138,0,0,330,569,1,523,1698
2026352035,2016-05-05,5,12167,7.53999996185303,0,0,7.53999996185303,0,0,475,479,1,468,1926
2026352035,2016-05-09,2,10685,6.61999988555908,0,0,6.59999990463257,0,0,401,543,1,531,1869
2026352035,2016-04-19,3,2424,1.5,0,0,1.5,0,0,141,785,1,498,1356
2026352035,2016-04-23,7,12357,7.71000003814697,0,0,7.71000003814697,0,0,432,458,1,522,1916
2026352035,2016-04-24,1,3490,2.16000008583069,0,0,2.16000008583069,0,0,164,704,1,555,1401
7007744171,2016-05-01,1,5600,3.75,0,0,3.75,0,0,237,1142,1,58,2225
7007744171,2016-05-07,7,0,0,0,0,0,0,0,0,111,NA,NA,120
7007744171,2016-04-24,1,11085,7.42000007629395,0,0,7.42000007629395,0,0,419,1021,NA,NA,2667
7007744171,2016-04-15,6,5273,3.52999997138977,0,0,3.52999997138977,0,0,202,1238,NA,NA,2098
7007744171,2016-05-04,4,0,0,0,0,0,0,0,0,1440,NA,NA,1557
7007744171,2016-04-16,7,4631,3.09999990463257,0,0,3.09999990463257,0,0,203,1155,1,79,2076
7007744171,2016-04-30,7,3761,2.51999998092651,0,0,2.51999998092651,0,0,200,1240,NA,NA,2051
7007744171,2016-04-17,1,8059,5.3899998664856,0,0,5.3899998664856,0,0,305,1135,NA,NA,2383
1927972279,2016-05-07,7,1510,1.03999996185303,0,0,1.03999996185303,0,0,48,1392,NA,NA,2229
1927972279,2016-04-29,6,0,0,0,0,0,0,0,0,1440,NA,NA,2063
1927972279,2016-04-27,4,0,0,0,0,0,0,0,0,1440,NA,NA,2063
1927972279,2016-04-20,4,0,0,0,0,0,0,0,0,1440,NA,NA,2063
1927972279,2016-04-21,5,0,0,0,0,0,0,0,0,1440,NA,NA,2064
1927972279,2016-04-22,6,149,0.100000001490116,0,0,0.100000001490116,0,0,10,1430,NA,NA,2093
1927972279,2016-05-06,6,2091,1.45000004768372,0,0,1.45000004768372,0,0,108,1332,NA,NA,2383
1927972279,2016-04-17,1,0,0,0,0,0,0,0,0,1440,NA,NA,2063
1927972279,2016-04-16,7,0,0,0,0,0,0,0,0,1440,NA,NA,2064
1927972279,2016-04-26,3,3761,2.59999990463257,0,0,2.59999990463257,0,0,192,1058,1,296,2638
1927972279,2016-05-11,4,0,0,0,0,0,0,0,0,1440,NA,NA,2063
1927972279,2016-04-18,2,244,0.170000001788139,0,0,0.170000001788139,0,0,17,1423,NA,NA,2111
1927972279,2016-05-12,5,0,0,0,0,0,0,0,0,966,NA,NA,1383
1927972279,2016-04-28,5,1675,1.1599999666214,0,0,1.1599999666214,0,0,95,1167,1,166,2351
1927972279,2016-05-05,5,0,0,0,0,0,0,0,0,1440,NA,NA,2063
1927972279,2016-04-30,7,0,0,0,0,0,0,0,0,1440,NA,NA,2064
1927972279,2016-05-10,3,0,0,0,0,0,0,0,0,1440,NA,NA,2063
1927972279,2016-04-13,4,356,0.25,0,0,0.25,0,0,32,986,1,398,2151
1927972279,2016-04-12,3,678,0.469999998807907,0,0,0.469999998807907,0,0,55,734,3,750,2220
1927972279,2016-04-19,3,0,0,0,0,0,0,0,0,1440,NA,NA,2063
1927972279,2016-04-23,7,2945,2.03999996185303,0,0,2.03999996185303,0,0,145,1295,NA,NA,2499
1927972279,2016-05-09,2,0,0,0,0,0,0,0,0,1440,NA,NA,2063
1927972279,2016-04-15,6,980,0.680000007152557,0,0,0.680000007152557,0,0,51,941,2,475,2221
1927972279,2016-05-04,4,1786,1.24000000953674,0,0,1.24000000953674,0,0,87,1353,NA,NA,2338
1927972279,2016-04-25,2,152,0.109999999403954,0,0,0.109999999403954,0,0,12,1303,NA,NA,2100
1927972279,2016-04-14,5,2163,1.5,0,0.400000005960464,1.10000002384186,0,9,88,1292,NA,NA,2383
1927972279,2016-05-08,1,0,0,0,0,0,0,0,0,1440,NA,NA,2063
2022484408,2016-05-08,1,3292,2.30999994277954,0,0,2.30999994277954,0,0,135,1305,NA,NA,1848
2022484408,2016-04-23,7,6001,4.21000003814697,0,0,4.21000003814697,0,0,249,1191,NA,NA,2069
8792009665,2016-04-27,4,1758,1.12999999523163,0,0,1.12999999523163,0,0,112,900,1,423,2067
8792009665,2016-05-10,3,0,0,0,0,0,0,0,0,48,NA,NA,57
8792009665,2016-05-02,2,1831,1.16999995708466,0,0,1.16999995708466,0,0,101,916,1,415,2015
8792009665,2016-04-15,6,2483,1.5900000333786,0,0,1.5900000333786,0,0,126,937,1,363,2009
8792009665,2016-04-20,4,3147,2.00999999046326,0,0.280000001192093,1.74000000953674,0,10,139,744,1,528,2188
8792009665,2016-04-28,5,6157,3.94000005722046,0,0,3.94000005722046,0,0,310,714,1,402,2780
8792009665,2016-04-13,4,1320,0.839999973773956,0,0,0.839999973773956,0,0,82,806,1,531,1934
8792009665,2016-04-16,7,244,0.159999996423721,0,0,0.159999996423721,0,0,12,1428,NA,NA,1721
8792009665,2016-05-05,5,0,0,0,0,0,0,0,0,1440,NA,NA,1688
8792009665,2016-04-19,3,0,0,0,0,0,0,0,0,1440,NA,NA,1688
8792009665,2016-05-08,1,0,0,0,0,0,0,0,0,1440,NA,NA,1688
8792009665,2016-05-07,7,0,0,0,0,0,0,0,0,1440,NA,NA,1688
8792009665,2016-05-03,3,2421,1.54999995231628,0,0,1.54999995231628,0,0,156,739,1,516,2297
8792009665,2016-05-04,4,2283,1.46000003814697,0,0,1.46000003814697,0,0,129,848,1,439,2067
8792009665,2016-05-09,2,0,0,0,0,0,0,0,0,1440,NA,NA,1688
8792009665,2016-04-14,5,1219,0.779999971389771,0,0,0.779999971389771,0,0,84,853,1,486,1963
8792009665,2016-05-06,6,0,0,0,0,0,0,0,0,1440,NA,NA,1688
8792009665,2016-04-21,5,144,0.0900000035762787,0,0,0.0900000035762787,0,0,9,1431,NA,NA,1720
8792009665,2016-04-17,1,0,0,0,0,0,0,0,0,1440,NA,NA,1688
8792009665,2016-04-26,3,1321,0.850000023841858,0,0,0.850000023841858,0,0,80,1360,NA,NA,1928
8792009665,2016-04-25,2,0,0,0,0,0,0,0,0,1440,NA,NA,1688
8792009665,2016-04-12,3,2564,1.63999998569489,0,0,1.63999998569489,0,0,116,831,1,458,2044
8792009665,2016-04-18,2,0,0,0,0,0,0,0,0,1440,NA,NA,1688
8792009665,2016-05-01,1,1619,1.03999996185303,0,0,1.03999996185303,0,0,79,834,1,503,1962
6962181067,2016-04-15,6,5563,3.6800000667572,0,0,3.6800000667572,0,0,217,837,1,370,1756
6962181067,2016-04-24,1,5029,3.3199999332428,0,0,3.3199999332428,0,0,199,720,1,511,1705
6962181067,2016-05-12,5,3587,2.36999988555908,0,0.25,2.10999989509583,0,8,105,127,1,516,928
6962181067,2016-04-14,5,1551,1.02999997138977,0,0,1.02999997138977,0,0,86,862,2,508,1466
6962181067,2016-05-01,1,5454,3.60999989509583,0,0,3.60999989509583,0,0,215,722,1,411,1740
6962181067,2016-05-07,7,6815,4.5,0,0,4.5,0,0,328,745,1,298,1947
6962181067,2016-05-08,1,4188,2.76999998092651,0,0.519999980926514,2.25,0,14,151,709,1,541,1659
6962181067,2016-05-06,6,5908,3.91000008583069,0,0,3.91000008583069,0,0,299,717,1,443,1850
4057192912,2016-04-14,5,0,0,0,0,0,0,0,0,1440,NA,NA,1776
4057192912,2016-04-12,3,5394,4.03000020980835,0,0,3.94000005722046,0,0,164,1276,NA,NA,2286
4057192912,2016-04-13,4,5974,4.46999979019165,0,0,4.36999988555908,0,0,160,1280,NA,NA,2306
3977333714,2016-04-27,4,7193,5.03999996185303,0,0.419999986886978,4.61999988555908,0,10,176,714,1,349,1377
3977333714,2016-04-23,7,12058,8.06999969482422,0,4.21999979019165,3.84999990463257,0,92,252,724,1,235,1638
3977333714,2016-05-07,7,11550,7.73000001907349,0,4.13000011444092,3.58999991416931,0,86,208,703,1,237,1574
3977333714,2016-04-21,5,6093,4.07999992370605,0,0,4.05999994277954,0,0,242,712,1,332,1397
4702921684,2016-04-14,5,7860,6.36999988555908,0,0,6.36999988555908,0,0,271,772,1,384,2984
4702921684,2016-05-01,1,0,0,0,0,0,0,0,0,1440,NA,NA,2017
4702921684,2016-05-12,5,2752,2.23000001907349,0,0,2.23000001907349,0,0,68,241,1,404,1240
4702921684,2016-05-03,3,9454,7.67000007629395,0,0,7.67000007629395,0,0,313,729,1,327,3145
4702921684,2016-04-13,4,6877,5.57999992370605,0,0,5.57999992370605,0,0,258,777,2,400,2898
4702921684,2016-05-09,2,8232,6.67999982833862,0,0.569999992847443,6.09999990463257,0,12,253,746,1,435,2990
4702921684,2016-04-22,6,1664,1.35000002384186,0,0,1.35000002384186,0,0,72,1341,NA,NA,2241
4702921684,2016-04-12,3,7213,5.88000011444092,0,0,5.84999990463257,0,0,263,718,1,425,2947
1844505072,2016-04-12,3,6697,4.42999982833862,0,0,4.42999982833862,0,0,339,1101,NA,NA,2030
1844505072,2016-04-29,6,4920,3.25,0,0,3.25,0,0,247,1082,NA,NA,1856
1844505072,2016-05-08,1,0,0,0,0,0,0,0,0,1440,NA,NA,1347
1844505072,2016-04-22,6,5372,3.54999995231628,0,0,3.54999995231628,0,0,220,1220,NA,NA,1827
1844505072,2016-05-12,5,0,0,0,0,0,0,0,0,711,NA,NA,665
1844505072,2016-04-13,4,4929,3.25999999046326,0,0,3.25999999046326,0,0,248,1192,NA,NA,1860
1844505072,2016-05-01,1,2573,1.70000004768372,0,0.259999990463257,1.45000004768372,0,7,75,585,1,590,1541
1844505072,2016-04-23,7,3570,2.35999989509583,0,0,2.35999989509583,0,0,139,1301,NA,NA,1645
1844505072,2016-04-15,6,3844,2.53999996185303,0,0,2.53999996185303,0,0,176,527,1,644,1725
1844505072,2016-04-16,7,3414,2.25999999046326,0,0,2.25999999046326,0,0,147,1293,NA,NA,1657
1844505072,2016-05-07,7,0,0,0,0,0,0,0,0,1440,NA,NA,1347
1844505072,2016-04-19,3,197,0.129999995231628,0,0,0.129999995231628,0,0,10,1430,NA,NA,1366
1844505072,2016-05-11,4,0,0,0,0,0,0,0,0,1440,NA,NA,1347
1844505072,2016-05-03,3,4059,2.6800000667572,0,0,2.6800000667572,0,0,184,1256,NA,NA,1742
1844505072,2016-05-05,5,2237,1.48000001907349,0,0,1.48000001907349,0,0,120,1320,NA,NA,1589
1844505072,2016-04-14,5,7937,5.25,0,0,5.23000001907349,0,0,373,843,NA,NA,2130
1844505072,2016-04-28,5,6907,4.57000017166138,0,0,4.55999994277954,0,0,302,1138,NA,NA,1992
1844505072,2016-04-26,3,0,0,0,0,0,0,0,0,1440,NA,NA,1347
1844505072,2016-05-02,2,0,0,0,0,0,0,0,0,1440,NA,NA,1348
1844505072,2016-05-10,3,0,0,0,0,0,0,0,0,1440,NA,NA,1347
1844505072,2016-04-18,2,4597,3.03999996185303,0,0.479999989271164,2.55999994277954,0,12,217,1211,NA,NA,1814
1844505072,2016-04-24,1,0,0,0,0,0,0,0,0,1440,NA,NA,1347
1844505072,2016-04-25,2,0,0,0,0,0,0,0,0,1440,NA,NA,1347
1844505072,2016-04-30,7,4014,2.67000007629395,0,0,2.65000009536743,0,0,184,218,1,722,1763
1844505072,2016-05-06,6,44,0.0299999993294477,0,0,0.0299999993294477,0,0,2,1438,NA,NA,1351
1844505072,2016-05-09,2,0,0,0,0,0,0,0,0,1440,NA,NA,1347
1844505072,2016-04-27,4,4,0,0,0,0,0,0,1,1439,NA,NA,1348
1844505072,2016-04-20,4,8,0.0099999997764825,0,0,0.0099999997764825,0,0,1,1439,NA,NA,1349
1844505072,2016-05-04,4,2080,1.37000000476837,0,0,1.37000000476837,0,0,87,1353,NA,NA,1549
1624580081,2016-05-06,6,1727,1.12000000476837,0,0,1.12000000476837,0,0,102,1338,NA,NA,1341
1624580081,2016-04-13,4,7007,4.55000019073486,0,0,4.55000019073486,0,0,148,1292,NA,NA,1411
1624580081,2016-04-16,7,5370,3.49000000953674,0,0,3.49000000953674,0,0,176,1264,NA,NA,1463
1624580081,2016-04-12,3,8163,5.30999994277954,0,0,5.30999994277954,0,0,146,1294,NA,NA,1432
1624580081,2016-04-29,6,2390,1.54999995231628,0,0,1.54999995231628,0,0,150,1290,NA,NA,1404
1624580081,2016-05-03,3,2100,1.37000000476837,0,0,1.3400000333786,0,0,96,1344,NA,NA,1334
1624580081,2016-05-05,5,2470,1.61000001430511,0,0,1.58000004291534,0,0,117,1323,NA,NA,1370
1624580081,2016-04-26,3,2826,1.8400000333786,0,0,1.83000004291534,0,0,140,1300,NA,NA,1402
1624580081,2016-05-10,3,2969,1.92999994754791,0,0,1.91999995708466,0,0,139,1301,NA,NA,1393
1624580081,2016-04-20,4,4974,3.23000001907349,0,0,3.23000001907349,0,0,151,1289,NA,NA,1446
1624580081,2016-04-14,5,9107,5.92000007629395,0,0,5.90999984741211,0,0,236,1204,NA,NA,1572
1624580081,2016-05-04,4,2193,1.42999994754791,0,0,1.41999995708466,0,0,118,1322,NA,NA,1368
1624580081,2016-05-07,7,2104,1.37000000476837,0,0,1.37000000476837,0,0,182,1258,NA,NA,1474
1624580081,2016-05-12,5,2971,1.92999994754791,0,0,1.91999995708466,0,0,107,890,NA,NA,1002
1624580081,2016-04-19,3,2916,1.89999997615814,0,0,1.89999997615814,0,0,141,1299,NA,NA,1435
1624580081,2016-04-22,6,4026,2.61999988555908,0,0,2.59999990463257,0,0,199,1241,NA,NA,1470
1624580081,2016-05-11,4,3134,2.03999996185303,0,0,2.03999996185303,0,0,112,1328,NA,NA,1359
1624580081,2016-04-28,5,2759,1.78999996185303,0,0.200000002980232,1.60000002384186,0,5,115,1320,NA,NA,1401
1624580081,2016-04-23,7,8538,5.55000019073486,0,0,5.53999996185303,0,0,227,1213,NA,NA,1562
1624580081,2016-04-15,6,1510,0.980000019073486,0,0,0.970000028610229,0,0,96,1344,NA,NA,1344
1624580081,2016-04-25,2,6497,4.21999979019165,0,0,4.19999980926514,0,0,202,1238,NA,NA,1492
1624580081,2016-05-08,1,3427,2.23000001907349,0,0,2.22000002861023,0,0,152,1288,NA,NA,1427
1624580081,2016-04-21,5,6349,4.13000011444092,0,0,4.1100001335144,0,0,186,1254,NA,NA,1467
1624580081,2016-05-09,2,1732,1.12999999523163,0,0,1.12999999523163,0,0,91,1349,NA,NA,1328
8253242879,2016-04-15,6,2672,1.76999998092651,0,0,1.75999999046326,0,0,105,1335,NA,NA,1632
8253242879,2016-04-30,7,0,0,0,0,0,0,0,0,1440,NA,NA,0
8253242879,2016-04-19,3,4212,2.77999997138977,0,0,2.77999997138977,0,0,164,1276,NA,NA,1763
8253242879,2016-04-22,6,2824,1.87000000476837,0,0,1.87000000476837,0,0,120,1320,NA,NA,1651
4319703577,2016-04-22,6,4500,3.01999998092651,0.0599999986588955,0.810000002384186,2.15000009536743,1,19,176,709,1,533,1886
4319703577,2016-04-24,1,4081,2.74000000953674,0.0599999986588955,0.200000002980232,2.47000002861023,1,5,191,692,1,467,1880
2320127002,2016-04-21,5,3404,2.28999996185303,0.0599999986588955,0.419999986886978,1.80999994277954,1,10,127,1302,NA,NA,1610
4388161847,2016-04-13,4,10993,8.44999980926514,0.0599999986588955,0.629999995231628,3.88000011444092,1,14,150,1275,NA,NA,3092
6775888955,2016-04-28,5,703,0.5,0.0599999986588955,0.200000002980232,0.239999994635582,2,13,15,1410,NA,NA,1993
2873212765,2016-05-03,3,7412,4.98000001907349,0.0599999986588955,0.25,4.65999984741211,1,6,363,1070,NA,NA,1906
8877689391,2016-05-07,7,12332,8.13000011444092,0.0799999982118607,0.959999978542328,6.98999977111816,105,28,271,1036,NA,NA,4142
2347167796,2016-04-17,1,5472,3.61999988555908,0.0799999982118607,0.280000001192093,3.25999999046326,1,7,249,508,1,556,1882
4702921684,2016-05-10,3,10613,8.60999965667725,0.0799999982118607,1.87999999523163,6.65000009536743,1,37,262,701,1,416,3172
4702921684,2016-05-06,6,6943,5.63000011444092,0.0799999982118607,0.660000026226044,4.86999988555908,1,16,207,682,1,404,2859
2873212765,2016-04-30,7,8452,5.67999982833862,0.330000013113022,1.08000004291534,4.26000022888184,5,20,248,1167,NA,NA,1830
8378563200,2016-04-27,4,7359,5.84000015258789,0.330000013113022,0.180000007152557,5.32999992370605,4,4,192,676,1,531,3061
8792009665,2016-04-30,7,7174,4.59000015258789,0.330000013113022,0.360000014305115,3.91000008583069,10,20,301,749,1,343,2896
6962181067,2016-04-17,1,10145,6.71000003814697,0.330000013113022,0.680000007152557,5.69000005722046,5,13,295,634,1,427,2027
8253242879,2016-04-20,4,6466,4.26999998092651,0.330000013113022,0.819999992847443,3.10999989509583,5,18,216,1201,NA,NA,1931
4319703577,2016-04-13,4,8204,5.5,0.529999971389771,0.589999973773956,1.30999994277954,8,15,96,1234,NA,NA,2135
4388161847,2016-05-11,4,10201,7.84000015258789,0.529999971389771,0.790000021457672,6.53000020980835,8,18,256,858,1,469,2954
8583815059,2016-04-23,7,9423,7.34999990463257,0.529999971389771,2.02999997138977,4.75,7,44,238,1151,NA,NA,3012
8583815059,2016-04-19,3,5697,4.44000005722046,0.529999971389771,0.479999989271164,3.44000005722046,7,10,166,1257,NA,NA,2668
1644430081,2016-04-19,3,11256,8.18000030517578,0.360000014305115,2.52999997138977,5.30000019073486,5,58,278,1099,NA,NA,3300
1644430081,2016-04-14,5,11037,8.02000045776367,0.360000014305115,2.55999994277954,5.09999990463257,5,58,252,1125,NA,NA,3226
2320127002,2016-05-02,2,3634,2.45000004768372,0.360000014305115,0.209999993443489,1.87999999523163,5,6,123,1306,NA,NA,1613
8253242879,2016-04-25,2,6829,4.51000022888184,0.360000014305115,2.39000010490417,1.76999998092651,7,54,118,1261,NA,NA,1909
4558609924,2016-04-23,7,6890,4.55000019073486,0.340000003576279,0.200000002980232,4.01000022888184,5,5,308,1122,NA,NA,2085
4388161847,2016-05-09,2,10218,7.8600001335144,0.340000003576279,0.730000019073486,6.78999996185303,6,19,258,1020,1,62,3013
3372868164,2016-04-14,5,8844,6.03000020980835,0.340000003576279,1.02999997138977,4.65000009536743,6,25,370,1039,NA,NA,2065
4702921684,2016-05-04,4,8161,6.61999988555908,0.340000003576279,0.730000019073486,5.53999996185303,4,15,251,757,1,412,3004
4388161847,2016-05-04,4,12375,9.52000045776367,2.78999996185303,0.930000007152557,5.80000019073486,35,21,251,632,1,390,3162
5553957443,2016-04-29,6,12764,8.32999992370605,2.78999996185303,0.639999985694885,4.90999984741211,46,15,270,709,1,450,2169
7086361926,2016-04-28,5,11584,7.80000019073486,2.78999996185303,1.63999998569489,3.35999989509583,54,48,161,810,1,354,2862
2022484408,2016-05-05,5,11895,8.35000038146973,2.78999996185303,0.860000014305115,4.69999980926514,55,20,253,1112,NA,NA,2609
4388161847,2016-04-21,5,10055,7.73000001907349,0.370000004768372,0.389999985694885,6.98000001907349,7,12,272,853,1,442,3069
8583815059,2016-05-11,4,8701,6.78999996185303,0.370000004768372,3.24000000953674,3.17000007629395,5,71,177,1106,NA,NA,2804
3977333714,2016-05-11,4,746,0.5,0.370000004768372,0,0.129999995231628,4,0,9,13,NA,NA,52
4702921684,2016-05-07,7,14370,11.6499996185303,0.370000004768372,2.30999994277954,8.97000026702881,5,46,439,577,1,520,3683
4702921684,2016-05-07,7,14370,11.6499996185303,0.370000004768372,2.30999994277954,8.97000026702881,5,46,439,577,1,520,3683
4558609924,2016-05-05,5,10611,7.01000022888184,1.00999999046326,0.5,5.51000022888184,14,8,370,1048,NA,NA,2262
4319703577,2016-04-28,5,10817,7.28000020980835,1.00999999046326,0.330000013113022,5.94000005722046,13,8,359,552,1,497,2367
4388161847,2016-05-01,1,10255,7.8899998664856,1.00999999046326,0.680000007152557,6.19999980926514,12,15,241,579,1,547,2926
1927972279,2016-05-01,1,2704,1.87000000476837,1.00999999046326,0.0299999993294477,0.829999983310699,14,1,70,1355,NA,NA,2411
4020332650,2016-04-12,3,8539,6.11999988555908,0.150000005960464,0.239999994635582,5.67999982833862,4,15,331,712,1,501,3654
8583815059,2016-04-30,7,10085,7.86999988555908,0.150000005960464,1.27999997138977,6.42999982833862,2,28,317,1093,NA,NA,3164
8583815059,2016-04-13,4,5571,4.34999990463257,0.150000005960464,0.970000028610229,3.23000001907349,2,23,163,1252,NA,NA,2654
8583815059,2016-04-24,1,8286,6.46000003814697,0.150000005960464,2.04999995231628,4.26999998092651,2,44,206,1188,NA,NA,2889
1644430081,2016-04-12,3,10694,7.76999998092651,0.140000000596046,2.29999995231628,5.32999992370605,2,51,256,1131,NA,NA,3199
4319703577,2016-05-09,2,10378,6.96000003814697,0.140000000596046,0.560000002384186,6.25,2,14,374,490,1,535,2345
8583815059,2016-05-06,6,5843,4.55999994277954,0.140000000596046,1.19000005722046,3.23000001907349,2,22,166,1250,NA,NA,2683
8792009665,2016-04-29,6,8360,5.34999990463257,0.140000000596046,0.280000001192093,4.92999982833862,6,14,380,634,1,398,3101
1844505072,2016-04-17,1,4525,2.99000000953674,0.140000000596046,0.259999990463257,2.58999991416931,2,8,199,1231,NA,NA,1793
4388161847,2016-04-14,5,8863,6.82000017166138,0.129999995231628,1.07000005245209,5.61999988555908,10,35,219,945,NA,NA,2998
6775888955,2016-05-07,7,1967,1.4099999666214,0.129999995231628,0.239999994635582,1.04999995231628,2,5,49,551,NA,NA,1032
2873212765,2016-04-21,5,8859,5.98000001907349,0.129999995231628,0.370000004768372,5.46999979019165,2,10,371,1057,NA,NA,1970
7007744171,2016-04-23,7,8093,5.40999984741211,0.129999995231628,1.12999999523163,4.15000009536743,2,25,223,1190,NA,NA,2284
1644430081,2016-04-28,5,9405,6.84000015258789,0.200000002980232,2.3199999332428,4.30999994277954,3,53,227,1157,NA,NA,3108
4319703577,2016-05-11,4,9129,6.13000011444092,0.200000002980232,0.740000009536743,5.17999982833862,3,18,311,574,1,529,2232
4020332650,2016-05-09,2,4556,3.26999998092651,0.200000002980232,0.119999997317791,2.94000005722046,3,5,173,1225,NA,NA,2785
3977333714,2016-04-20,4,11658,7.82999992370605,0.200000002980232,4.34999990463257,3.27999997138977,2,98,164,845,2,152,1554
4558609924,2016-04-22,6,9601,6.34999990463257,1.37000000476837,1.5,3.47000002861023,20,25,273,1122,NA,NA,2094
4388161847,2016-04-19,3,10181,7.82999992370605,1.37000000476837,0.689999997615814,5.76999998092651,20,16,249,704,1,329,3015
5553957443,2016-04-12,3,11596,7.57000017166138,1.37000000476837,0.790000021457672,5.40999984741211,19,13,277,767,1,441,2026
3977333714,2016-04-28,5,7114,4.88000011444092,1.37000000476837,0.28999999165535,3.22000002861023,15,8,190,804,1,261,1407
1503960366,2016-04-29,6,11181,7.15000009536743,1.05999994277954,0.5,5.57999992370605,16,12,243,815,1,341,1837
5553957443,2016-05-02,2,9769,6.38000011444092,1.05999994277954,0.409999996423721,4.90000009536743,23,9,227,724,1,409,1996
3372868164,2016-04-30,7,5250,3.57999992370605,1.05999994277954,0.0900000035762787,2.42000007629395,17,4,300,1119,NA,NA,1946
4702921684,2016-04-29,6,9930,8.05000019073486,1.05999994277954,0.920000016689301,6.07000017166138,12,19,267,692,1,433,3165
1644430081,2016-04-30,7,18213,13.2399997711182,0.629999995231628,3.14000010490417,9.46000003814697,9,71,402,816,1,124,3846
4388161847,2016-05-05,5,9603,7.38000011444092,0.629999995231628,1.66999995708466,5.09000015258789,12,39,199,896,1,471,2899
4388161847,2016-05-05,5,9603,7.38000011444092,0.629999995231628,1.66999995708466,5.09000015258789,12,39,199,896,1,471,2899
8378563200,2016-05-02,2,6064,4.80999994277954,0.629999995231628,0.170000001788139,4.01000022888184,63,4,142,802,1,351,3491
2347167796,2016-04-20,4,10999,7.26999998092651,0.680000007152557,1.80999994277954,4.78000020980835,11,43,269,1011,NA,NA,2198
6290855005,2016-04-25,2,7802,5.90000009536743,0.680000007152557,0.180000007152557,5.03000020980835,8,3,249,1180,NA,NA,2771
3977333714,2016-05-08,1,13585,9.09000015258789,0.680000007152557,5.23999977111816,3.17000007629395,9,116,171,688,2,259,1633
4702921684,2016-05-08,1,12857,10.4300003051758,0.680000007152557,6.21000003814697,3.53999996185303,9,125,192,1019,NA,NA,3287
4319703577,2016-05-10,3,9487,6.36999988555908,0.209999993443489,0.46000000834465,5.69999980926514,3,12,329,555,1,487,2260
4388161847,2016-04-16,7,6580,5.05999994277954,0.209999993443489,0.400000005960464,4.44999980926514,6,9,253,609,2,426,3073
4020332650,2016-04-15,6,1882,1.35000002384186,0.209999993443489,0.360000014305115,0.769999980926514,36,18,87,1299,NA,NA,2951
4057192912,2016-04-15,6,3984,2.95000004768372,0.209999993443489,0.259999990463257,2.44000005722046,3,6,88,873,NA,NA,1527
1644430081,2016-04-25,2,3580,2.59999990463257,0.589999973773956,0.0599999986588955,1.95000004768372,8,1,94,1337,NA,NA,2497
4558609924,2016-04-15,6,7795,5.15000009536743,0.589999973773956,0.839999973773956,3.73000001907349,17,30,262,1131,NA,NA,2121
4558609924,2016-04-25,2,8095,5.34999990463257,0.589999973773956,0.25,4.51000022888184,18,10,340,993,NA,NA,2225
4319703577,2016-05-04,4,10429,7.01999998092651,0.589999973773956,0.579999983310699,5.84999990463257,8,13,313,1106,NA,NA,2282
1644430081,2016-05-02,2,3758,2.73000001907349,0.0700000002980232,0.310000002384186,2.34999990463257,1,7,148,682,1,796,2580
4319703577,2016-04-18,2,2276,1.54999995231628,0.0700000002980232,0.330000013113022,1.12000000476837,1,9,58,824,1,515,1632
2347167796,2016-04-15,6,10465,6.92000007629395,0.0700000002980232,1.41999995708466,5.42999982833862,1,24,284,720,1,452,2133
2873212765,2016-04-18,2,7762,5.23999977111816,0.0700000002980232,0.280000001192093,4.8899998664856,1,6,311,1122,NA,NA,1890
8583815059,2016-04-26,3,10499,8.1899995803833,0.0700000002980232,4.21999979019165,3.89000010490417,1,91,214,1134,NA,NA,3093
1927972279,2016-04-24,1,2090,1.45000004768372,0.0700000002980232,0.239999994635582,1.13999998569489,1,6,75,1358,NA,NA,2324
3977333714,2016-05-10,3,13072,8.77999973297119,0.0700000002980232,5.40000009536743,3.30999994277954,1,115,196,676,1,312,1630
4702921684,2016-04-15,6,6506,5.28000020980835,0.0700000002980232,0.419999986886978,4.78999996185303,1,8,256,944,1,253,2896
4702921684,2016-04-26,3,6108,4.94999980926514,0.0700000002980232,0.349999994039536,4.53999996185303,1,8,216,765,1,421,2784
7086361926,2016-04-14,5,9123,6.11999988555908,2.02999997138977,0.330000013113022,3.66000008583069,35,32,189,787,1,472,2734
6117666160,2016-04-20,4,10449,8.02000045776367,2.02999997138977,0.479999989271164,5.51999998092651,26,10,349,587,1,474,2536
3977333714,2016-04-16,7,13459,9,2.02999997138977,4,2.97000002861023,31,83,153,663,1,283,1625
3977333714,2016-04-13,4,10035,6.71000003814697,2.02999997138977,2.13000011444092,2.54999995231628,31,46,153,754,2,295,1495
